Zipcode,County,City,Fips
94545,Alameda,Hayward,06001
94587,Alameda,Union City,06001
94586,Alameda,Sunol,06001
94702,Alameda,Berkeley,06001
94703,Alameda,Berkeley,06001
94580,Alameda,San Lorenzo,06001
94579,Alameda,San Leandro,06001
94578,Alameda,San Leandro,06001
94577,Alameda,San Leandro,06001
94704,Alameda,Berkeley,06001
94705,Alameda,Berkeley,06001
94706,Alameda,Albany,06001
94707,Alameda,Berkeley,06001
94588,Alameda,Pleasanton,06001
94568,Alameda,Dublin,06001
94708,Alameda,Berkeley,06001
94709,Alameda,Berkeley,06001
94710,Alameda,Berkeley,06001
94712,Alameda,Berkeley,06001
94560,Alameda,Newark,06001
94557,Alameda,Hayward,06001
94555,Alameda,Fremont,06001
94720,Alameda,Berkeley,06001
94552,Alameda,Castro Valley,06001
94551,Alameda,Livermore,06001
94659,Alameda,Oakland,06001
94546,Alameda,Castro Valley,06001
94566,Alameda,Pleasanton,06001
94544,Alameda,Hayward,06001
94701,Alameda,Berkeley,06001
94662,Alameda,Emeryville,06001
94649,Alameda,Oakland,06001
94625,Alameda,Oakland,06001
94624,Alameda,Oakland,06001
94623,Alameda,Oakland,06001
94622,Alameda,Oakland,06001
94621,Alameda,Oakland,06001
94620,Alameda,Piedmont,06001
94619,Alameda,Oakland,06001
94618,Alameda,Oakland,06001
94617,Alameda,Oakland,06001
94615,Alameda,Oakland,06001
94614,Alameda,Oakland,06001
94666,Alameda,Oakland,06001
94613,Alameda,Oakland,06001
94611,Alameda,Oakland,06001
94610,Alameda,Oakland,06001
94609,Alameda,Oakland,06001
94608,Alameda,Emeryville,06001
94607,Alameda,Oakland,06001
94606,Alameda,Oakland,06001
94605,Alameda,Oakland,06001
94604,Alameda,Oakland,06001
94603,Alameda,Oakland,06001
94602,Alameda,Oakland,06001
94601,Alameda,Oakland,06001
94661,Alameda,Oakland,06001
94612,Alameda,Oakland,06001
94543,Alameda,Hayward,06001
94550,Alameda,Livermore,06001
94660,Alameda,Oakland,06001
94542,Alameda,Hayward,06001
94538,Alameda,Fremont,06001
94539,Alameda,Fremont,06001
94540,Alameda,Hayward,06001
94541,Alameda,Hayward,06001
94536,Alameda,Fremont,06001
94502,Alameda,Alameda,06001
94501,Alameda,Alameda,06001
94537,Alameda,Fremont,06001
96120,Alpine,Markleeville,06003
95646,Alpine,Kirkwood,06003
95640,Amador,Ione,06005
95642,Amador,Jackson,06005
95654,Amador,Martell,06005
95601,Amador,Amador City,06005
95665,Amador,Pine Grove,06005
95666,Amador,Pioneer,06005
95644,Amador,Kit Carson,06005
95629,Amador,Fiddletown,06005
95675,Amador,River Pines,06005
95685,Amador,Sutter Creek,06005
95689,Amador,Volcano,06005
95699,Amador,Drytown,06005
95669,Amador,Plymouth,06005
95967,Butte,Paradise,06007
95968,Butte,Palermo,06007
95969,Butte,Paradise,06007
95973,Butte,Chico,06007
95974,Butte,Richvale,06007
95976,Butte,Chico,06007
95978,Butte,Stirling City,06007
95958,Butte,Nelson,06007
95954,Butte,Magalia,06007
95966,Butte,Oroville,06007
95917,Butte,Biggs,06007
95965,Butte,Oroville,06007
95927,Butte,Chico,06007
95928,Butte,Chico,06007
95914,Butte,Bangor,06007
95929,Butte,Chico,06007
95930,Butte,Clipper Mills,06007
95926,Butte,Chico,06007
95938,Butte,Durham,06007
95916,Butte,Berry Creek,06007
95942,Butte,Forest Ranch,06007
95948,Butte,Gridley,06007
95941,Butte,Forbestown,06007
95940,Butte,Feather Falls,06007
95222,Calaveras,Angels Camp,06009
95247,Calaveras,Murphys,06009
95224,Calaveras,Avery,06009
95225,Calaveras,Burson,06009
95226,Calaveras,Campo Seco,06009
95228,Calaveras,Copperopolis,06009
95229,Calaveras,Douglas Flat,06009
95232,Calaveras,Glencoe,06009
95233,Calaveras,Hathaway Pines,06009
95245,Calaveras,Mokelumne Hill,06009
95246,Calaveras,Mountain Ranch,06009
95221,Calaveras,Altaville,06009
95223,Calaveras,Arnold,06009
95251,Calaveras,Vallecito,06009
95249,Calaveras,San Andreas,06009
95250,Calaveras,Sheep Ranch,06009
95252,Calaveras,Valley Springs,06009
95254,Calaveras,Wallace,06009
95255,Calaveras,West Point,06009
95257,Calaveras,Wilseyville,06009
95248,Calaveras,Rail Road Flat,06009
95932,Colusa,Colusa,06011
95970,Colusa,Princeton,06011
95987,Colusa,Williams,06011
95912,Colusa,Arbuckle,06011
95950,Colusa,Grimes,06011
95979,Colusa,Stonyford,06011
95955,Colusa,Maxwell,06011
94803,Contra Costa,El Sobrante,06013
94802,Contra Costa,Richmond,06013
94801,Contra Costa,Richmond,06013
94804,Contra Costa,Richmond,06013
94564,Contra Costa,Pinole,06013
94597,Contra Costa,Walnut Creek,06013
94526,Contra Costa,Danville,06013
94525,Contra Costa,Crockett,06013
94524,Contra Costa,Concord,06013
94523,Contra Costa,Pleasant Hill,06013
94522,Contra Costa,Concord,06013
94521,Contra Costa,Concord,06013
94520,Contra Costa,Concord,06013
94519,Contra Costa,Concord,06013
94518,Contra Costa,Concord,06013
94517,Contra Costa,Clayton,06013
94516,Contra Costa,Canyon,06013
94514,Contra Costa,Byron,06013
94513,Contra Costa,Brentwood,06013
94511,Contra Costa,Bethel Island,06013
94509,Contra Costa,Antioch,06013
94507,Contra Costa,Alamo,06013
94506,Contra Costa,Danville,06013
94527,Contra Costa,Concord,06013
94598,Contra Costa,Walnut Creek,06013
94528,Contra Costa,Diablo,06013
94530,Contra Costa,El Cerrito,06013
94596,Contra Costa,Walnut Creek,06013
94595,Contra Costa,Walnut Creek,06013
94583,Contra Costa,San Ramon,06013
94582,Contra Costa,San Ramon,06013
94575,Contra Costa,Moraga,06013
94572,Contra Costa,Rodeo,06013
94570,Contra Costa,Moraga,06013
94569,Contra Costa,Port Costa,06013
94565,Contra Costa,Pittsburg,06013
94805,Contra Costa,Richmond,06013
94563,Contra Costa,Orinda,06013
94561,Contra Costa,Oakley,06013
94553,Contra Costa,Martinez,06013
94549,Contra Costa,Lafayette,06013
94548,Contra Costa,Knightsen,06013
94547,Contra Costa,Hercules,06013
94531,Contra Costa,Antioch,06013
94529,Contra Costa,Concord,06013
94806,Contra Costa,San Pablo,06013
94556,Contra Costa,Moraga,06013
94808,Contra Costa,Richmond,06013
94820,Contra Costa,El Sobrante,06013
94850,Contra Costa,Richmond,06013
94807,Contra Costa,Richmond,06013
95567,Del Norte,Smith River,06015
95538,Del Norte,Fort Dick,06015
95532,Del Norte,Crescent City,06015
95531,Del Norte,Crescent City,06015
95548,Del Norte,Klamath,06015
95543,Del Norte,Gasquet,06015
96150,El Dorado,South Lake Tahoe,06017
96158,El Dorado,South Lake Tahoe,06017
96157,El Dorado,South Lake Tahoe,06017
96156,El Dorado,South Lake Tahoe,06017
95613,El Dorado,Coloma,06017
95619,El Dorado,Diamond Springs,06017
96155,El Dorado,South Lake Tahoe,06017
96154,El Dorado,South Lake Tahoe,06017
95623,El Dorado,El Dorado,06017
95633,El Dorado,Garden Valley,06017
95634,El Dorado,Georgetown,06017
95635,El Dorado,Greenwood,06017
95636,El Dorado,Grizzly Flats,06017
96151,El Dorado,South Lake Tahoe,06017
95651,El Dorado,Lotus,06017
95664,El Dorado,Pilot Hill,06017
95667,El Dorado,Placerville,06017
95672,El Dorado,Rescue,06017
96152,El Dorado,South Lake Tahoe,06017
95684,El Dorado,Somerset,06017
95709,El Dorado,Camino,06017
95720,El Dorado,Kyburz,06017
95721,El Dorado,Echo Lake,06017
95726,El Dorado,Pollock Pines,06017
95735,El Dorado,Twin Bridges,06017
95762,El Dorado,El Dorado Hills,06017
96142,El Dorado,Tahoma,06017
95656,El Dorado,Mount Aukum,06017
95682,El Dorado,Shingle Springs,06017
95614,El Dorado,Cool,06017
93654,Fresno,Reedley,06019
93745,Fresno,Fresno,06019
93744,Fresno,Fresno,06019
93741,Fresno,Fresno,06019
93740,Fresno,Fresno,06019
93730,Fresno,Fresno,06019
93729,Fresno,Fresno,06019
93728,Fresno,Fresno,06019
93727,Fresno,Fresno,06019
93747,Fresno,Fresno,06019
93726,Fresno,Fresno,06019
93724,Fresno,Fresno,06019
93723,Fresno,Fresno,06019
93722,Fresno,Fresno,06019
93721,Fresno,Fresno,06019
93720,Fresno,Fresno,06019
93718,Fresno,Fresno,06019
93717,Fresno,Fresno,06019
93716,Fresno,Fresno,06019
93725,Fresno,Fresno,06019
93715,Fresno,Fresno,06019
93750,Fresno,Fresno,06019
93760,Fresno,Fresno,06019
93776,Fresno,Fresno,06019
93775,Fresno,Fresno,06019
93774,Fresno,Fresno,06019
93773,Fresno,Fresno,06019
93772,Fresno,Fresno,06019
93771,Fresno,Fresno,06019
93765,Fresno,Fresno,06019
93764,Fresno,Fresno,06019
93755,Fresno,Fresno,06019
93761,Fresno,Fresno,06019
93234,Fresno,Huron,06019
93242,Fresno,Laton,06019
93602,Fresno,Auberry,06019
93605,Fresno,Big Creek,06019
93606,Fresno,Biola,06019
93607,Fresno,Burrel,06019
93608,Fresno,Cantua Creek,06019
93609,Fresno,Caruthers,06019
93210,Fresno,Coalinga,06019
93611,Fresno,Clovis,06019
93714,Fresno,Fresno,06019
93612,Fresno,Clovis,06019
93708,Fresno,Fresno,06019
93707,Fresno,Fresno,06019
93650,Fresno,Fresno,06019
93706,Fresno,Fresno,06019
93705,Fresno,Fresno,06019
93704,Fresno,Fresno,06019
93703,Fresno,Fresno,06019
93702,Fresno,Fresno,06019
93709,Fresno,Fresno,06019
93701,Fresno,Fresno,06019
93668,Fresno,Tranquillity,06019
93667,Fresno,Tollhouse,06019
93664,Fresno,Shaver Lake,06019
93662,Fresno,Selma,06019
93660,Fresno,San Joaquin,06019
93657,Fresno,Sanger,06019
93651,Fresno,Prather,06019
93656,Fresno,Riverdale,06019
93675,Fresno,Squaw Valley,06019
93649,Fresno,Piedra,06019
93711,Fresno,Fresno,06019
93648,Fresno,Parlier,06019
93613,Fresno,Clovis,06019
93616,Fresno,Del Rey,06019
93619,Fresno,Clovis,06019
93621,Fresno,Dunlap,06019
93622,Fresno,Firebaugh,06019
93624,Fresno,Five Points,06019
93625,Fresno,Fowler,06019
93626,Fresno,Friant,06019
93712,Fresno,Fresno,06019
93627,Fresno,Helm,06019
93628,Fresno,Hume,06019
93630,Fresno,Kerman,06019
93631,Fresno,Kingsburg,06019
93634,Fresno,Lakeshore,06019
93640,Fresno,Mendota,06019
93641,Fresno,Miramonte,06019
93642,Fresno,Mono Hot Springs,06019
93646,Fresno,Orange Cove,06019
93777,Fresno,Fresno,06019
93652,Fresno,Raisin City,06019
93778,Fresno,Fresno,06019
93710,Fresno,Fresno,06019
93780,Fresno,Fresno,06019
93784,Fresno,Fresno,06019
93786,Fresno,Fresno,06019
93790,Fresno,Fresno,06019
93791,Fresno,Fresno,06019
93792,Fresno,Fresno,06019
93793,Fresno,Fresno,06019
93794,Fresno,Fresno,06019
93844,Fresno,Fresno,06019
93888,Fresno,Fresno,06019
93779,Fresno,Fresno,06019
95951,Glenn,Hamilton City,06021
95943,Glenn,Glenn,06021
95939,Glenn,Elk Creek,06021
95920,Glenn,Butte City,06021
95913,Glenn,Artois,06021
95988,Glenn,Willows,06021
95963,Glenn,Orland,06021
95549,Humboldt,Kneeland,06023
95551,Humboldt,Loleta,06023
95553,Humboldt,Miranda,06023
95554,Humboldt,Myers Flat,06023
95556,Humboldt,Orleans,06023
95558,Humboldt,Petrolia,06023
95550,Humboldt,Korbel,06023
95555,Humboldt,Orick,06023
95542,Humboldt,Garberville,06023
95546,Humboldt,Hoopa,06023
95545,Humboldt,Honeydew,06023
95559,Humboldt,Phillipsville,06023
95540,Humboldt,Fortuna,06023
95537,Humboldt,Fields Landing,06023
95536,Humboldt,Ferndale,06023
95534,Humboldt,Cutten,06023
95528,Humboldt,Carlotta,06023
95526,Humboldt,Bridgeville,06023
95525,Humboldt,Blue Lake,06023
95524,Humboldt,Bayside,06023
95521,Humboldt,Arcata,06023
95519,Humboldt,Mckinleyville,06023
95518,Humboldt,Arcata,06023
95547,Humboldt,Hydesville,06023
95560,Humboldt,Redway,06023
95503,Humboldt,Eureka,06023
95564,Humboldt,Samoa,06023
95562,Humboldt,Rio Dell,06023
95501,Humboldt,Eureka,06023
95502,Humboldt,Eureka,06023
95514,Humboldt,Blocksburg,06023
95589,Humboldt,Whitethorn,06023
95511,Humboldt,Alderpoint,06023
95571,Humboldt,Weott,06023
95570,Humboldt,Trinidad,06023
95569,Humboldt,Redcrest,06023
95565,Humboldt,Scotia,06023
95573,Humboldt,Willow Creek,06023
92259,Imperial,Ocotillo,06025
92266,Imperial,Palo Verde,06025
92273,Imperial,Seeley,06025
92275,Imperial,Salton City,06025
92281,Imperial,Westmorland,06025
92283,Imperial,Winterhaven,06025
92249,Imperial,Heber,06025
92244,Imperial,El Centro,06025
92243,Imperial,El Centro,06025
92233,Imperial,Calipatria,06025
92231,Imperial,Calexico,06025
92222,Imperial,Bard,06025
92250,Imperial,Holtville,06025
92232,Imperial,Calexico,06025
92227,Imperial,Brawley,06025
92251,Imperial,Imperial,06025
92257,Imperial,Niland,06025
93542,Inyo,Little Lake,06027
93530,Inyo,Keeler,06027
93526,Inyo,Independence,06027
93545,Inyo,Lone Pine,06027
93515,Inyo,Bishop,06027
93514,Inyo,Bishop,06027
93513,Inyo,Big Pine,06027
93522,Inyo,Darwin,06027
93549,Inyo,Olancha,06027
92328,Inyo,Death Valley,06027
92389,Inyo,Tecopa,06027
92384,Inyo,Shoshone,06027
93302,Kern,Bakersfield,06029
93303,Kern,Bakersfield,06029
93304,Kern,Bakersfield,06029
93305,Kern,Bakersfield,06029
93306,Kern,Bakersfield,06029
93307,Kern,Bakersfield,06029
93308,Kern,Bakersfield,06029
93383,Kern,Bakersfield,06029
93311,Kern,Bakersfield,06029
93312,Kern,Bakersfield,06029
93313,Kern,Bakersfield,06029
93386,Kern,Bakersfield,06029
93314,Kern,Bakersfield,06029
93380,Kern,Bakersfield,06029
93381,Kern,Bakersfield,06029
93385,Kern,Bakersfield,06029
93382,Kern,Bakersfield,06029
93309,Kern,Bakersfield,06029
93301,Kern,Bakersfield,06029
93287,Kern,Woody,06029
93203,Kern,Arvin,06029
93205,Kern,Bodfish,06029
93206,Kern,Buttonwillow,06029
93215,Kern,Delano,06029
93216,Kern,Delano,06029
93220,Kern,Edison,06029
93222,Kern,Frazier Park,06029
93224,Kern,Fellows,06029
93225,Kern,Frazier Park,06029
93226,Kern,Glennville,06029
93238,Kern,Kernville,06029
93240,Kern,Lake Isabella,06029
93241,Kern,Lamont,06029
93243,Kern,Lebec,06029
93249,Kern,Lost Hills,06029
93250,Kern,Mc Farland,06029
93251,Kern,Mc Kittrick,06029
93252,Kern,Maricopa,06029
93255,Kern,Onyx,06029
93263,Kern,Shafter,06029
93268,Kern,Taft,06029
93276,Kern,Tupman,06029
93280,Kern,Wasco,06029
93283,Kern,Weldon,06029
93285,Kern,Wofford Heights,06029
93387,Kern,Bakersfield,06029
93388,Kern,Bakersfield,06029
93384,Kern,Bakersfield,06029
93390,Kern,Bakersfield,06029
93555,Kern,Ridgecrest,06029
93554,Kern,Randsburg,06029
93561,Kern,Tehachapi,06029
93581,Kern,Tehachapi,06029
93389,Kern,Bakersfield,06029
93596,Kern,Boron,06029
93556,Kern,Ridgecrest,06029
93528,Kern,Johannesburg,06029
93527,Kern,Inyokern,06029
93531,Kern,Keene,06029
93523,Kern,Edwards,06029
93501,Kern,Mojave,06029
93502,Kern,Mojave,06029
93504,Kern,California City,06029
93505,Kern,California City,06029
93524,Kern,Edwards,06029
93516,Kern,Boron,06029
93518,Kern,Caliente,06029
93519,Kern,Cantil,06029
93560,Kern,Rosamond,06029
93239,Kings,Kettleman City,06031
93230,Kings,Hanford,06031
93245,Kings,Lemoore,06031
93202,Kings,Armona,06031
93212,Kings,Corcoran,06031
93204,Kings,Avenal,06031
93232,Kings,Hanford,06031
93246,Kings,Lemoore,06031
93266,Kings,Stratford,06031
95453,Lake,Lakeport,06033
95467,Lake,Hidden Valley Lake,06033
95464,Lake,Nice,06033
95461,Lake,Middletown,06033
95422,Lake,Clearlake,06033
95458,Lake,Lucerne,06033
95457,Lake,Lower Lake,06033
95451,Lake,Kelseyville,06033
95443,Lake,Glenhaven,06033
95435,Lake,Finley,06033
95426,Lake,Cobb,06033
95485,Lake,Upper Lake,06033
95493,Lake,Witter Springs,06033
95424,Lake,Clearlake Park,06033
95423,Lake,Clearlake Oaks,06033
96114,Lassen,Janesville,06035
96123,Lassen,Ravendale,06035
96137,Lassen,Westwood,06035
96121,Lassen,Milford,06035
96136,Lassen,Wendel,06035
96132,Lassen,Termo,06035
96130,Lassen,Susanville,06035
96056,Lassen,Mcarthur,06035
96068,Lassen,Nubieber,06035
96128,Lassen,Standish,06035
96127,Lassen,Susanville,06035
96109,Lassen,Doyle,06035
96113,Lassen,Herlong,06035
96009,Lassen,Bieber,06035
96119,Lassen,Madeline,06035
96117,Lassen,Litchfield,06035
91896,Los Angeles,Alhambra,06037
91801,Los Angeles,Alhambra,06037
91802,Los Angeles,Alhambra,06037
91803,Los Angeles,Alhambra,06037
91804,Los Angeles,Alhambra,06037
91899,Los Angeles,Alhambra,06037
91841,Los Angeles,Alhambra,06037
91799,Los Angeles,Pomona,06037
91797,Los Angeles,Pomona,06037
90001,Los Angeles,Los Angeles,06037
93532,Los Angeles,Lake Hughes,06037
91795,Los Angeles,Walnut,06037
93599,Los Angeles,Palmdale,06037
93591,Los Angeles,Palmdale,06037
93590,Los Angeles,Palmdale,06037
93586,Los Angeles,Lancaster,06037
93584,Los Angeles,Lancaster,06037
93563,Los Angeles,Valyermo,06037
93510,Los Angeles,Acton,06037
93553,Los Angeles,Pearblossom,06037
93551,Los Angeles,Palmdale,06037
93550,Los Angeles,Palmdale,06037
93544,Los Angeles,Llano,06037
93543,Los Angeles,Littlerock,06037
93539,Los Angeles,Lancaster,06037
93536,Los Angeles,Lancaster,06037
93535,Los Angeles,Lancaster,06037
93552,Los Angeles,Palmdale,06037
91793,Los Angeles,West Covina,06037
93534,Los Angeles,Lancaster,06037
91791,Los Angeles,West Covina,06037
91017,Los Angeles,Monrovia,06037
91020,Los Angeles,Montrose,06037
91021,Los Angeles,Montrose,06037
91023,Los Angeles,Mount Wilson,06037
91024,Los Angeles,Sierra Madre,06037
91025,Los Angeles,Sierra Madre,06037
91016,Los Angeles,Monrovia,06037
91030,Los Angeles,South Pasadena,06037
91040,Los Angeles,Sunland,06037
91041,Los Angeles,Sunland,06037
91042,Los Angeles,Tujunga,06037
91043,Los Angeles,Tujunga,06037
91046,Los Angeles,Verdugo City,06037
91792,Los Angeles,West Covina,06037
91031,Los Angeles,South Pasadena,06037
91066,Los Angeles,Arcadia,06037
91012,Los Angeles,La Canada Flintridge,06037
91010,Los Angeles,Duarte,06037
90844,Los Angeles,Long Beach,06037
90845,Los Angeles,Long Beach,06037
90846,Los Angeles,Long Beach,06037
90847,Los Angeles,Long Beach,06037
90848,Los Angeles,Long Beach,06037
90853,Los Angeles,Long Beach,06037
91011,Los Angeles,La Canada Flintridge,06037
90888,Los Angeles,Long Beach,06037
90899,Los Angeles,Long Beach,06037
91001,Los Angeles,Altadena,06037
91003,Los Angeles,Altadena,06037
91006,Los Angeles,Arcadia,06037
91007,Los Angeles,Arcadia,06037
91009,Los Angeles,Duarte,06037
90895,Los Angeles,Carson,06037
91077,Los Angeles,Arcadia,06037
91101,Los Angeles,Pasadena,06037
91102,Los Angeles,Pasadena,06037
91131,Los Angeles,Pasadena,06037
91182,Los Angeles,Pasadena,06037
91184,Los Angeles,Pasadena,06037
91185,Los Angeles,Pasadena,06037
91188,Los Angeles,Pasadena,06037
91189,Los Angeles,Pasadena,06037
91129,Los Angeles,Pasadena,06037
91191,Los Angeles,Pasadena,06037
91201,Los Angeles,Glendale,06037
91202,Los Angeles,Glendale,06037
91203,Los Angeles,Glendale,06037
91204,Los Angeles,Glendale,06037
91205,Los Angeles,Glendale,06037
91206,Los Angeles,Glendale,06037
91199,Los Angeles,Pasadena,06037
91126,Los Angeles,Pasadena,06037
91125,Los Angeles,Pasadena,06037
91124,Los Angeles,Pasadena,06037
91103,Los Angeles,Pasadena,06037
91104,Los Angeles,Pasadena,06037
91105,Los Angeles,Pasadena,06037
91106,Los Angeles,Pasadena,06037
91107,Los Angeles,Pasadena,06037
91108,Los Angeles,San Marino,06037
91109,Los Angeles,Pasadena,06037
91110,Los Angeles,Pasadena,06037
91114,Los Angeles,Pasadena,06037
91115,Los Angeles,Pasadena,06037
91116,Los Angeles,Pasadena,06037
91117,Los Angeles,Pasadena,06037
91118,Los Angeles,San Marino,06037
91121,Los Angeles,Pasadena,06037
91123,Los Angeles,Pasadena,06037
90842,Los Angeles,Long Beach,06037
90840,Los Angeles,Long Beach,06037
90835,Los Angeles,Long Beach,06037
90834,Los Angeles,Long Beach,06037
90651,Los Angeles,Norwalk,06037
90652,Los Angeles,Norwalk,06037
90659,Los Angeles,Norwalk,06037
90660,Los Angeles,Pico Rivera,06037
90661,Los Angeles,Pico Rivera,06037
90662,Los Angeles,Pico Rivera,06037
90650,Los Angeles,Norwalk,06037
90670,Los Angeles,Santa Fe Springs,06037
90701,Los Angeles,Artesia,06037
90702,Los Angeles,Artesia,06037
90703,Los Angeles,Cerritos,06037
90704,Los Angeles,Avalon,06037
90706,Los Angeles,Bellflower,06037
90707,Los Angeles,Bellflower,06037
90671,Los Angeles,Santa Fe Springs,06037
91614,Los Angeles,Studio City,06037
90639,Los Angeles,La Mirada,06037
90638,Los Angeles,La Mirada,06037
90509,Los Angeles,Torrance,06037
90510,Los Angeles,Torrance,06037
91750,Los Angeles,La Verne,06037
90601,Los Angeles,Whittier,06037
90602,Los Angeles,Whittier,06037
90603,Los Angeles,Whittier,06037
90604,Los Angeles,Whittier,06037
90605,Los Angeles,Whittier,06037
90606,Los Angeles,Whittier,06037
90607,Los Angeles,Whittier,06037
90608,Los Angeles,Whittier,06037
90609,Los Angeles,Whittier,06037
90610,Los Angeles,Whittier,06037
90612,Los Angeles,Whittier,06037
90637,Los Angeles,La Mirada,06037
90710,Los Angeles,Harbor City,06037
91207,Los Angeles,Glendale,06037
90711,Los Angeles,Lakewood,06037
90713,Los Angeles,Lakewood,06037
90804,Los Angeles,Long Beach,06037
90805,Los Angeles,Long Beach,06037
90806,Los Angeles,Long Beach,06037
90807,Los Angeles,Long Beach,06037
90808,Los Angeles,Long Beach,06037
90809,Los Angeles,Long Beach,06037
90803,Los Angeles,Long Beach,06037
90810,Los Angeles,Long Beach,06037
90814,Los Angeles,Long Beach,06037
90815,Los Angeles,Long Beach,06037
90822,Los Angeles,Long Beach,06037
90831,Los Angeles,Long Beach,06037
90832,Los Angeles,Long Beach,06037
90833,Los Angeles,Long Beach,06037
90813,Los Angeles,Long Beach,06037
90802,Los Angeles,Long Beach,06037
90801,Los Angeles,Long Beach,06037
90755,Los Angeles,Signal Hill,06037
90714,Los Angeles,Lakewood,06037
90715,Los Angeles,Lakewood,06037
90716,Los Angeles,Hawaiian Gardens,06037
90717,Los Angeles,Lomita,06037
90723,Los Angeles,Paramount,06037
90731,Los Angeles,San Pedro,06037
90732,Los Angeles,San Pedro,06037
90733,Los Angeles,San Pedro,06037
90734,Los Angeles,San Pedro,06037
90744,Los Angeles,Wilmington,06037
90745,Los Angeles,Carson,06037
90746,Los Angeles,Carson,06037
90747,Los Angeles,Carson,06037
90748,Los Angeles,Wilmington,06037
90749,Los Angeles,Carson,06037
90712,Los Angeles,Lakewood,06037
91208,Los Angeles,Glendale,06037
91209,Los Angeles,Glendale,06037
91210,Los Angeles,Glendale,06037
91740,Los Angeles,Glendora,06037
91426,Los Angeles,Encino,06037
91436,Los Angeles,Encino,06037
91470,Los Angeles,Van Nuys,06037
91482,Los Angeles,Van Nuys,06037
91495,Los Angeles,Sherman Oaks,06037
91741,Los Angeles,Glendora,06037
91735,Los Angeles,El Monte,06037
91733,Los Angeles,South El Monte,06037
91496,Los Angeles,Van Nuys,06037
91732,Los Angeles,El Monte,06037
91731,Los Angeles,El Monte,06037
91497,Los Angeles,Van Nuys,06037
91499,Los Angeles,Van Nuys,06037
91734,Los Angeles,El Monte,06037
91423,Los Angeles,Sherman Oaks,06037
91744,Los Angeles,La Puente,06037
91416,Los Angeles,Encino,06037
91404,Los Angeles,Van Nuys,06037
91405,Los Angeles,Van Nuys,06037
91406,Los Angeles,Van Nuys,06037
91407,Los Angeles,Van Nuys,06037
91408,Los Angeles,Van Nuys,06037
91409,Los Angeles,Van Nuys,06037
91410,Los Angeles,Van Nuys,06037
91411,Los Angeles,Van Nuys,06037
91412,Los Angeles,Panorama City,06037
91413,Los Angeles,Sherman Oaks,06037
91749,Los Angeles,La Puente,06037
91748,Los Angeles,Rowland Heights,06037
91747,Los Angeles,La Puente,06037
91746,Los Angeles,La Puente,06037
91745,Los Angeles,Hacienda Heights,06037
91724,Los Angeles,Covina,06037
91403,Los Angeles,Sherman Oaks,06037
91723,Los Angeles,Covina,06037
91716,Los Angeles,City Of Industry,06037
91618,Los Angeles,North Hollywood,06037
91602,Los Angeles,North Hollywood,06037
91617,Los Angeles,Valley Village,06037
91603,Los Angeles,North Hollywood,06037
91604,Los Angeles,Studio City,06037
91605,Los Angeles,North Hollywood,06037
91601,Los Angeles,North Hollywood,06037
91606,Los Angeles,North Hollywood,06037
91616,Los Angeles,North Hollywood,06037
91608,Los Angeles,Universal City,06037
91609,Los Angeles,North Hollywood,06037
91610,Los Angeles,Toluca Lake,06037
91615,Los Angeles,North Hollywood,06037
91611,Los Angeles,North Hollywood,06037
91607,Los Angeles,Valley Village,06037
91526,Los Angeles,Burbank,06037
91523,Los Angeles,Burbank,06037
91522,Los Angeles,Burbank,06037
91715,Los Angeles,City Of Industry,06037
91501,Los Angeles,Burbank,06037
91714,Los Angeles,City Of Industry,06037
91711,Los Angeles,Claremont,06037
91502,Los Angeles,Burbank,06037
91503,Los Angeles,Burbank,06037
91504,Los Angeles,Burbank,06037
91505,Los Angeles,Burbank,06037
91706,Los Angeles,Baldwin Park,06037
91506,Los Angeles,Burbank,06037
91702,Los Angeles,Azusa,06037
91507,Los Angeles,Burbank,06037
91508,Los Angeles,Burbank,06037
91510,Los Angeles,Burbank,06037
91521,Los Angeles,Burbank,06037
91722,Los Angeles,Covina,06037
90508,Los Angeles,Torrance,06037
91402,Los Angeles,Panorama City,06037
91399,Los Angeles,Woodland Hills,06037
91321,Los Angeles,Newhall,06037
91322,Los Angeles,Newhall,06037
91324,Los Angeles,Northridge,06037
91325,Los Angeles,Northridge,06037
91326,Los Angeles,Porter Ranch,06037
91327,Los Angeles,Northridge,06037
91316,Los Angeles,Encino,06037
91328,Los Angeles,Northridge,06037
91330,Los Angeles,Northridge,06037
91331,Los Angeles,Pacoima,06037
91333,Los Angeles,Pacoima,06037
91334,Los Angeles,Pacoima,06037
91335,Los Angeles,Reseda,06037
91337,Los Angeles,Reseda,06037
91329,Los Angeles,Northridge,06037
91313,Los Angeles,Chatsworth,06037
91311,Los Angeles,Chatsworth,06037
91310,Los Angeles,Castaic,06037
91214,Los Angeles,La Crescenta,06037
91221,Los Angeles,Glendale,06037
91222,Los Angeles,Glendale,06037
91224,Los Angeles,La Crescenta,06037
91225,Los Angeles,Glendale,06037
91226,Los Angeles,Glendale,06037
91301,Los Angeles,Agoura Hills,06037
91302,Los Angeles,Calabasas,06037
91303,Los Angeles,Canoga Park,06037
91304,Los Angeles,Canoga Park,06037
91305,Los Angeles,Canoga Park,06037
91306,Los Angeles,Winnetka,06037
91307,Los Angeles,West Hills,06037
91308,Los Angeles,West Hills,06037
91309,Los Angeles,Canoga Park,06037
91340,Los Angeles,San Fernando,06037
91401,Los Angeles,Van Nuys,06037
91341,Los Angeles,San Fernando,06037
91343,Los Angeles,North Hills,06037
91381,Los Angeles,Stevenson Ranch,06037
91382,Los Angeles,Santa Clarita,06037
91383,Los Angeles,Santa Clarita,06037
91384,Los Angeles,Castaic,06037
91385,Los Angeles,Valencia,06037
91386,Los Angeles,Canyon Country,06037
91380,Los Angeles,Santa Clarita,06037
91387,Los Angeles,Canyon Country,06037
91390,Los Angeles,Santa Clarita,06037
91392,Los Angeles,Sylmar,06037
91393,Los Angeles,North Hills,06037
91394,Los Angeles,Granada Hills,06037
91395,Los Angeles,Mission Hills,06037
91396,Los Angeles,Winnetka,06037
91388,Los Angeles,Van Nuys,06037
91376,Los Angeles,Agoura Hills,06037
91372,Los Angeles,Calabasas,06037
91371,Los Angeles,Woodland Hills,06037
91344,Los Angeles,Granada Hills,06037
91345,Los Angeles,Mission Hills,06037
91346,Los Angeles,Mission Hills,06037
91350,Los Angeles,Santa Clarita,06037
91351,Los Angeles,Canyon Country,06037
91352,Los Angeles,Sun Valley,06037
91353,Los Angeles,Sun Valley,06037
91354,Los Angeles,Valencia,06037
91355,Los Angeles,Valencia,06037
91356,Los Angeles,Tarzana,06037
91357,Los Angeles,Tarzana,06037
91363,Los Angeles,Westlake Village,06037
91364,Los Angeles,Woodland Hills,06037
91365,Los Angeles,Woodland Hills,06037
91367,Los Angeles,Woodland Hills,06037
91342,Los Angeles,Sylmar,06037
90507,Los Angeles,Torrance,06037
90640,Los Angeles,Montebello,06037
90267,Los Angeles,Manhattan Beach,06037
90094,Los Angeles,Los Angeles,06037
90095,Los Angeles,Los Angeles,06037
90096,Los Angeles,Los Angeles,06037
90099,Los Angeles,Los Angeles,06037
90101,Los Angeles,Los Angeles,06037
90102,Los Angeles,Los Angeles,06037
90103,Los Angeles,Los Angeles,06037
90189,Los Angeles,Los Angeles,06037
90201,Los Angeles,Bell,06037
90202,Los Angeles,Bell Gardens,06037
90209,Los Angeles,Beverly Hills,06037
90210,Los Angeles,Beverly Hills,06037
90211,Los Angeles,Beverly Hills,06037
90212,Los Angeles,Beverly Hills,06037
90213,Los Angeles,Beverly Hills,06037
90093,Los Angeles,Los Angeles,06037
90220,Los Angeles,Compton,06037
90091,Los Angeles,Los Angeles,06037
90088,Los Angeles,Los Angeles,06037
90072,Los Angeles,Los Angeles,06037
90073,Los Angeles,Los Angeles,06037
90074,Los Angeles,Los Angeles,06037
90075,Los Angeles,Los Angeles,06037
90076,Los Angeles,Los Angeles,06037
90077,Los Angeles,Los Angeles,06037
90078,Los Angeles,Los Angeles,06037
90079,Los Angeles,Los Angeles,06037
90080,Los Angeles,Los Angeles,06037
90081,Los Angeles,Los Angeles,06037
90082,Los Angeles,Los Angeles,06037
90083,Los Angeles,Los Angeles,06037
90084,Los Angeles,Los Angeles,06037
90086,Los Angeles,Los Angeles,06037
90087,Los Angeles,Los Angeles,06037
90089,Los Angeles,Los Angeles,06037
90071,Los Angeles,Los Angeles,06037
90221,Los Angeles,Compton,06037
90223,Los Angeles,Compton,06037
90262,Los Angeles,Lynwood,06037
90263,Los Angeles,Malibu,06037
90264,Los Angeles,Malibu,06037
90265,Los Angeles,Malibu,06037
90266,Los Angeles,Manhattan Beach,06037
90270,Los Angeles,Maywood,06037
90272,Los Angeles,Pacific Palisades,06037
90274,Los Angeles,Palos Verdes Peninsula,06037
90275,Los Angeles,Rancho Palos Verdes,06037
90277,Los Angeles,Redondo Beach,06037
90278,Los Angeles,Redondo Beach,06037
90280,Los Angeles,South Gate,06037
90290,Los Angeles,Topanga,06037
90291,Los Angeles,Venice,06037
90292,Los Angeles,Marina Del Rey,06037
90261,Los Angeles,Lawndale,06037
90222,Los Angeles,Compton,06037
90260,Los Angeles,Lawndale,06037
90254,Los Angeles,Hermosa Beach,06037
90224,Los Angeles,Compton,06037
90230,Los Angeles,Culver City,06037
90231,Los Angeles,Culver City,06037
90232,Los Angeles,Culver City,06037
90233,Los Angeles,Culver City,06037
90239,Los Angeles,Downey,06037
90240,Los Angeles,Downey,06037
90241,Los Angeles,Downey,06037
90242,Los Angeles,Downey,06037
90245,Los Angeles,El Segundo,06037
90247,Los Angeles,Gardena,06037
90248,Los Angeles,Gardena,06037
90249,Los Angeles,Gardena,06037
90250,Los Angeles,Hawthorne,06037
90251,Los Angeles,Hawthorne,06037
90255,Los Angeles,Huntington Park,06037
90070,Los Angeles,Los Angeles,06037
90069,Los Angeles,West Hollywood,06037
90068,Los Angeles,Los Angeles,06037
90014,Los Angeles,Los Angeles,06037
90015,Los Angeles,Los Angeles,06037
90016,Los Angeles,Los Angeles,06037
90017,Los Angeles,Los Angeles,06037
90018,Los Angeles,Los Angeles,06037
90019,Los Angeles,Los Angeles,06037
90020,Los Angeles,Los Angeles,06037
90021,Los Angeles,Los Angeles,06037
90022,Los Angeles,Los Angeles,06037
90023,Los Angeles,Los Angeles,06037
90024,Los Angeles,Los Angeles,06037
90025,Los Angeles,Los Angeles,06037
90026,Los Angeles,Los Angeles,06037
90027,Los Angeles,Los Angeles,06037
90028,Los Angeles,Los Angeles,06037
90013,Los Angeles,Los Angeles,06037
90029,Los Angeles,Los Angeles,06037
90012,Los Angeles,Los Angeles,06037
90010,Los Angeles,Los Angeles,06037
91790,Los Angeles,West Covina,06037
91789,Los Angeles,Walnut,06037
91788,Los Angeles,Walnut,06037
90002,Los Angeles,Los Angeles,06037
90003,Los Angeles,Los Angeles,06037
90004,Los Angeles,Los Angeles,06037
91780,Los Angeles,Temple City,06037
91778,Los Angeles,San Gabriel,06037
91776,Los Angeles,San Gabriel,06037
91775,Los Angeles,San Gabriel,06037
90005,Los Angeles,Los Angeles,06037
90006,Los Angeles,Los Angeles,06037
90007,Los Angeles,Los Angeles,06037
90008,Los Angeles,Los Angeles,06037
90009,Los Angeles,Los Angeles,06037
90011,Los Angeles,Los Angeles,06037
90030,Los Angeles,Los Angeles,06037
90031,Los Angeles,Los Angeles,06037
90032,Los Angeles,Los Angeles,06037
90053,Los Angeles,Los Angeles,06037
90054,Los Angeles,Los Angeles,06037
90055,Los Angeles,Los Angeles,06037
90056,Los Angeles,Los Angeles,06037
90057,Los Angeles,Los Angeles,06037
90058,Los Angeles,Los Angeles,06037
90059,Los Angeles,Los Angeles,06037
90060,Los Angeles,Los Angeles,06037
90061,Los Angeles,Los Angeles,06037
90062,Los Angeles,Los Angeles,06037
90063,Los Angeles,Los Angeles,06037
90064,Los Angeles,Los Angeles,06037
90065,Los Angeles,Los Angeles,06037
90066,Los Angeles,Los Angeles,06037
90067,Los Angeles,Los Angeles,06037
90052,Los Angeles,Los Angeles,06037
90051,Los Angeles,Los Angeles,06037
90050,Los Angeles,Los Angeles,06037
90049,Los Angeles,Los Angeles,06037
90033,Los Angeles,Los Angeles,06037
90034,Los Angeles,Los Angeles,06037
90035,Los Angeles,Los Angeles,06037
90036,Los Angeles,Los Angeles,06037
90037,Los Angeles,Los Angeles,06037
90038,Los Angeles,Los Angeles,06037
90039,Los Angeles,Los Angeles,06037
90293,Los Angeles,Playa Del Rey,06037
90040,Los Angeles,Los Angeles,06037
90042,Los Angeles,Los Angeles,06037
90043,Los Angeles,Los Angeles,06037
90044,Los Angeles,Los Angeles,06037
90045,Los Angeles,Los Angeles,06037
90046,Los Angeles,Los Angeles,06037
90047,Los Angeles,Los Angeles,06037
90048,Los Angeles,Los Angeles,06037
90041,Los Angeles,Los Angeles,06037
90294,Los Angeles,Venice,06037
91612,Los Angeles,North Hollywood,06037
90308,Los Angeles,Inglewood,06037
91754,Los Angeles,Monterey Park,06037
91765,Los Angeles,Diamond Bar,06037
91766,Los Angeles,Pomona,06037
91767,Los Angeles,Pomona,06037
91768,Los Angeles,Pomona,06037
90311,Los Angeles,Inglewood,06037
90310,Los Angeles,Inglewood,06037
90309,Los Angeles,Inglewood,06037
90506,Los Angeles,Torrance,06037
91769,Los Angeles,Pomona,06037
91771,Los Angeles,Rosemead,06037
91772,Los Angeles,Rosemead,06037
91773,Los Angeles,San Dimas,06037
90307,Los Angeles,Inglewood,06037
90306,Los Angeles,Inglewood,06037
90305,Los Angeles,Inglewood,06037
90304,Los Angeles,Inglewood,06037
90303,Los Angeles,Inglewood,06037
91770,Los Angeles,Rosemead,06037
90505,Los Angeles,Torrance,06037
90504,Los Angeles,Torrance,06037
90503,Los Angeles,Torrance,06037
91755,Los Angeles,Monterey Park,06037
90312,Los Angeles,Inglewood,06037
90313,Los Angeles,Inglewood,06037
90397,Los Angeles,Inglewood,06037
90398,Los Angeles,Inglewood,06037
91759,Los Angeles,Mt Baldy,06037
90401,Los Angeles,Santa Monica,06037
90402,Los Angeles,Santa Monica,06037
90403,Los Angeles,Santa Monica,06037
90404,Los Angeles,Santa Monica,06037
90405,Los Angeles,Santa Monica,06037
90406,Los Angeles,Santa Monica,06037
90407,Los Angeles,Santa Monica,06037
90408,Los Angeles,Santa Monica,06037
90409,Los Angeles,Santa Monica,06037
90410,Los Angeles,Santa Monica,06037
90411,Los Angeles,Santa Monica,06037
90501,Los Angeles,Torrance,06037
90502,Los Angeles,Torrance,06037
90302,Los Angeles,Inglewood,06037
90301,Los Angeles,Inglewood,06037
91756,Los Angeles,Monterey Park,06037
90295,Los Angeles,Marina Del Rey,06037
90296,Los Angeles,Playa Del Rey,06037
93638,Madera,Madera,06039
93639,Madera,Madera,06039
93643,Madera,North Fork,06039
93644,Madera,Oakhurst,06039
93645,Madera,O Neals,06039
93637,Madera,Madera,06039
93614,Madera,Coarsegold,06039
93636,Madera,Madera,06039
93653,Madera,Raymond,06039
93610,Madera,Chowchilla,06039
93604,Madera,Bass Lake,06039
93669,Madera,Wishon,06039
93601,Madera,Ahwahnee,06039
94998,Marin,Novato,06041
94914,Marin,Kentfield,06041
94915,Marin,San Rafael,06041
94920,Marin,Belvedere Tiburon,06041
94924,Marin,Bolinas,06041
94925,Marin,Corte Madera,06041
94979,Marin,San Anselmo,06041
94913,Marin,San Rafael,06041
94978,Marin,Fairfax,06041
94933,Marin,Forest Knolls,06041
94930,Marin,Fairfax,06041
94957,Marin,Ross,06041
94956,Marin,Point Reyes Station,06041
94950,Marin,Olema,06041
94949,Marin,Novato,06041
94948,Marin,Novato,06041
94947,Marin,Novato,06041
94946,Marin,Nicasio,06041
94945,Marin,Novato,06041
94942,Marin,Mill Valley,06041
94941,Marin,Mill Valley,06041
94940,Marin,Marshall,06041
94939,Marin,Larkspur,06041
94938,Marin,Lagunitas,06041
94937,Marin,Inverness,06041
94912,Marin,San Rafael,06041
94929,Marin,Dillon Beach,06041
94977,Marin,Larkspur,06041
94960,Marin,San Anselmo,06041
94974,Marin,San Quentin,06041
94973,Marin,Woodacre,06041
94976,Marin,Corte Madera,06041
94971,Marin,Tomales,06041
94964,Marin,San Quentin,06041
94970,Marin,Stinson Beach,06041
94901,Marin,San Rafael,06041
94963,Marin,San Geronimo,06041
94965,Marin,Sausalito,06041
94904,Marin,Greenbrae,06041
94903,Marin,San Rafael,06041
94966,Marin,Sausalito,06041
95306,Mariposa,Catheys Valley,06043
95318,Mariposa,El Portal,06043
95338,Mariposa,Mariposa,06043
93623,Mariposa,Fish Camp,06043
95325,Mariposa,Hornitos,06043
95345,Mariposa,Midpines,06043
95389,Mariposa,Yosemite National Park,06043
95311,Mariposa,Coulterville,06043
95437,Mendocino,Fort Bragg,06045
95466,Mendocino,Philo,06045
95454,Mendocino,Laytonville,06045
95456,Mendocino,Littleriver,06045
95459,Mendocino,Manchester,06045
95468,Mendocino,Point Arena,06045
95432,Mendocino,Elk,06045
95445,Mendocino,Gualala,06045
95449,Mendocino,Hopland,06045
95470,Mendocino,Redwood Valley,06045
95428,Mendocino,Covelo,06045
95463,Mendocino,Navarro,06045
95481,Mendocino,Talmage,06045
95482,Mendocino,Ukiah,06045
95410,Mendocino,Albion,06045
95415,Mendocino,Boonville,06045
95488,Mendocino,Westport,06045
95429,Mendocino,Dos Rios,06045
95587,Mendocino,Piercy,06045
95417,Mendocino,Branscomb,06045
95418,Mendocino,Calpella,06045
95420,Mendocino,Caspar,06045
95490,Mendocino,Willits,06045
95494,Mendocino,Yorkville,06045
95427,Mendocino,Comptche,06045
95469,Mendocino,Potter Valley,06045
95585,Mendocino,Leggett,06045
95460,Mendocino,Mendocino,06045
95301,Merced,Atwater,06047
95322,Merced,Gustine,06047
93665,Merced,South Dos Palos,06047
95388,Merced,Winton,06047
95303,Merced,Ballico,06047
95374,Merced,Stevinson,06047
93661,Merced,Santa Rita Park,06047
95369,Merced,Snelling,06047
95365,Merced,Planada,06047
95344,Merced,Merced,06047
95343,Merced,Merced,06047
95341,Merced,Merced,06047
95340,Merced,Merced,06047
93635,Merced,Los Banos,06047
95334,Merced,Livingston,06047
95333,Merced,Le Grand,06047
95348,Merced,Merced,06047
95324,Merced,Hilmar,06047
95317,Merced,El Nido,06047
95312,Merced,Cressey,06047
95315,Merced,Delhi,06047
93620,Merced,Dos Palos,06047
96006,Modoc,Adin,06049
96115,Modoc,Lake City,06049
96110,Modoc,Eagleville,06049
96116,Modoc,Likely,06049
96108,Modoc,Davis Creek,06049
96015,Modoc,Canby,06049
96054,Modoc,Lookout,06049
96112,Modoc,Fort Bidwell,06049
96104,Modoc,Cedarville,06049
96101,Modoc,Alturas,06049
96133,Mono,Topaz,06051
96107,Mono,Coleville,06051
93529,Mono,June Lake,06051
93546,Mono,Mammoth Lakes,06051
93512,Mono,Benton,06051
93541,Mono,Lee Vining,06051
93517,Mono,Bridgeport,06051
93928,Monterey,Jolon,06053
93954,Monterey,San Lucas,06053
93943,Monterey,Monterey,06053
93955,Monterey,Seaside,06053
93960,Monterey,Soledad,06053
93944,Monterey,Monterey,06053
93901,Monterey,Salinas,06053
93907,Monterey,Salinas,06053
93905,Monterey,Salinas,06053
93927,Monterey,Greenfield,06053
93926,Monterey,Gonzales,06053
93925,Monterey,Chualar,06053
93924,Monterey,Carmel Valley,06053
93923,Monterey,Carmel,06053
93932,Monterey,Lockwood,06053
93933,Monterey,Marina,06053
93922,Monterey,Carmel,06053
93921,Monterey,Carmel By The Sea,06053
93920,Monterey,Big Sur,06053
93940,Monterey,Monterey,06053
93915,Monterey,Salinas,06053
93912,Monterey,Salinas,06053
93908,Monterey,Salinas,06053
93942,Monterey,Monterey,06053
93930,Monterey,King City,06053
93906,Monterey,Salinas,06053
93902,Monterey,Salinas,06053
93962,Monterey,Spreckels,06053
93950,Monterey,Pacific Grove,06053
95004,Monterey,Aromas,06053
93426,Monterey,Bradley,06053
93450,Monterey,San Ardo,06053
95039,Monterey,Moss Landing,06053
95012,Monterey,Castroville,06053
93953,Monterey,Pebble Beach,06053
94574,Napa,Saint Helena,06055
94581,Napa,Napa,06055
94573,Napa,Rutherford,06055
94503,Napa,American Canyon,06055
94567,Napa,Pope Valley,06055
94599,Napa,Yountville,06055
94559,Napa,Napa,06055
94558,Napa,Napa,06055
94515,Napa,Calistoga,06055
94508,Napa,Angwin,06055
94562,Napa,Oakville,06055
94576,Napa,Deer Park,06055
96160,Nevada,Truckee,06057
95728,Nevada,Soda Springs,06057
95724,Nevada,Norden,06057
95924,Nevada,Cedar Ridge,06057
95712,Nevada,Chicago Park,06057
96111,Nevada,Floriston,06057
95946,Nevada,Penn Valley,06057
95949,Nevada,Grass Valley,06057
96161,Nevada,Truckee,06057
95960,Nevada,North San Juan,06057
95975,Nevada,Rough And Ready,06057
95977,Nevada,Smartville,06057
95986,Nevada,Washington,06057
95945,Nevada,Grass Valley,06057
95959,Nevada,Nevada City,06057
96162,Nevada,Truckee,06057
92678,Orange,Trabuco Canyon,06059
92683,Orange,Westminster,06059
92684,Orange,Westminster,06059
92899,Orange,Anaheim,06059
92887,Orange,Yorba Linda,06059
92886,Orange,Yorba Linda,06059
92885,Orange,Yorba Linda,06059
92685,Orange,Westminster,06059
92688,Orange,Rancho Santa Margarita,06059
92690,Orange,Mission Viejo,06059
92691,Orange,Mission Viejo,06059
92692,Orange,Mission Viejo,06059
92679,Orange,Trabuco Canyon,06059
92693,Orange,San Juan Capistrano,06059
92871,Orange,Placentia,06059
92870,Orange,Placentia,06059
92869,Orange,Orange,06059
92868,Orange,Orange,06059
92867,Orange,Orange,06059
92866,Orange,Orange,06059
92865,Orange,Orange,06059
92864,Orange,Orange,06059
92863,Orange,Orange,06059
92862,Orange,Orange,06059
92697,Orange,Irvine,06059
92694,Orange,Ladera Ranch,06059
92677,Orange,Laguna Niguel,06059
92676,Orange,Silverado,06059
92675,Orange,San Juan Capistrano,06059
90633,Orange,La Habra,06059
90632,Orange,La Habra,06059
90631,Orange,La Habra,06059
90630,Orange,Cypress,06059
90624,Orange,Buena Park,06059
92704,Orange,Santa Ana,06059
90622,Orange,Buena Park,06059
90621,Orange,Buena Park,06059
90620,Orange,Buena Park,06059
92651,Orange,Laguna Beach,06059
92652,Orange,Laguna Beach,06059
92653,Orange,Laguna Hills,06059
92654,Orange,Laguna Hills,06059
92655,Orange,Midway City,06059
92656,Orange,Aliso Viejo,06059
92657,Orange,Newport Coast,06059
92658,Orange,Newport Beach,06059
92659,Orange,Newport Beach,06059
92660,Orange,Newport Beach,06059
92661,Orange,Newport Beach,06059
92662,Orange,Newport Beach,06059
92663,Orange,Newport Beach,06059
92672,Orange,San Clemente,06059
92673,Orange,San Clemente,06059
92674,Orange,San Clemente,06059
92698,Orange,Aliso Viejo,06059
92650,Orange,East Irvine,06059
92861,Orange,Villa Park,06059
92702,Orange,Santa Ana,06059
92809,Orange,Anaheim,06059
92808,Orange,Anaheim,06059
92807,Orange,Anaheim,06059
92806,Orange,Anaheim,06059
92805,Orange,Anaheim,06059
92804,Orange,Anaheim,06059
92803,Orange,Anaheim,06059
92802,Orange,Anaheim,06059
92801,Orange,Anaheim,06059
92799,Orange,Santa Ana,06059
92782,Orange,Tustin,06059
92811,Orange,Atwood,06059
92781,Orange,Tustin,06059
92735,Orange,Santa Ana,06059
92728,Orange,Fountain Valley,06059
92725,Orange,Santa Ana,06059
92712,Orange,Santa Ana,06059
92711,Orange,Santa Ana,06059
92710,Orange,Irvine,06059
92709,Orange,Irvine,06059
92708,Orange,Fountain Valley,06059
92707,Orange,Santa Ana,06059
92706,Orange,Santa Ana,06059
92705,Orange,Santa Ana,06059
92780,Orange,Tustin,06059
92812,Orange,Anaheim,06059
92814,Orange,Anaheim,06059
92815,Orange,Anaheim,06059
92859,Orange,Orange,06059
92857,Orange,Orange,06059
92856,Orange,Orange,06059
92850,Orange,Anaheim,06059
92846,Orange,Garden Grove,06059
92845,Orange,Garden Grove,06059
92844,Orange,Garden Grove,06059
92843,Orange,Garden Grove,06059
92842,Orange,Garden Grove,06059
92841,Orange,Garden Grove,06059
92840,Orange,Garden Grove,06059
92838,Orange,Fullerton,06059
92837,Orange,Fullerton,06059
92836,Orange,Fullerton,06059
92835,Orange,Fullerton,06059
92834,Orange,Fullerton,06059
92833,Orange,Fullerton,06059
92832,Orange,Fullerton,06059
92831,Orange,Fullerton,06059
92825,Orange,Anaheim,06059
92823,Orange,Brea,06059
92822,Orange,Brea,06059
92821,Orange,Brea,06059
92817,Orange,Anaheim,06059
92816,Orange,Anaheim,06059
92701,Orange,Santa Ana,06059
90680,Orange,Stanton,06059
90623,Orange,La Palma,06059
92646,Orange,Huntington Beach,06059
90740,Orange,Seal Beach,06059
90742,Orange,Sunset Beach,06059
90743,Orange,Surfside,06059
92649,Orange,Huntington Beach,06059
92648,Orange,Huntington Beach,06059
92647,Orange,Huntington Beach,06059
92637,Orange,Laguna Woods,06059
92630,Orange,Lake Forest,06059
92629,Orange,Dana Point,06059
92628,Orange,Costa Mesa,06059
92627,Orange,Costa Mesa,06059
92626,Orange,Costa Mesa,06059
92625,Orange,Corona Del Mar,06059
92624,Orange,Capistrano Beach,06059
92623,Orange,Irvine,06059
92620,Orange,Irvine,06059
92619,Orange,Irvine,06059
92602,Orange,Irvine,06059
92603,Orange,Irvine,06059
92604,Orange,Irvine,06059
92605,Orange,Huntington Beach,06059
92606,Orange,Irvine,06059
92607,Orange,Laguna Niguel,06059
90721,Orange,Los Alamitos,06059
92609,Orange,El Toro,06059
92612,Orange,Irvine,06059
92614,Orange,Irvine,06059
92615,Orange,Huntington Beach,06059
92616,Orange,Irvine,06059
92617,Orange,Irvine,06059
92618,Orange,Irvine,06059
92610,Orange,Foothill Ranch,06059
90720,Orange,Los Alamitos,06059
92703,Orange,Santa Ana,06059
95648,Placer,Lincoln,06061
95736,Placer,Weimar,06061
95661,Placer,Roseville,06061
95658,Placer,Newcastle,06061
95650,Placer,Loomis,06061
95677,Placer,Rocklin,06061
95714,Placer,Dutch Flat,06061
95713,Placer,Colfax,06061
95681,Placer,Sheridan,06061
95631,Placer,Foresthill,06061
95604,Placer,Auburn,06061
95603,Placer,Auburn,06061
95765,Placer,Rocklin,06061
95747,Placer,Roseville,06061
95602,Placer,Auburn,06061
95715,Placer,Emigrant Gap,06061
95678,Placer,Roseville,06061
95717,Placer,Gold Run,06061
95722,Placer,Meadow Vista,06061
95701,Placer,Alta,06061
95746,Placer,Granite Bay,06061
96140,Placer,Carnelian Bay,06061
96141,Placer,Homewood,06061
96143,Placer,Kings Beach,06061
96145,Placer,Tahoe City,06061
96146,Placer,Olympic Valley,06061
96148,Placer,Tahoe Vista,06061
95703,Placer,Applegate,06061
95663,Placer,Penryn,06061
95934,Plumas,Crescent Mills,06063
96103,Plumas,Blairsden-graeagle,06063
96105,Plumas,Chilcoot,06063
96106,Plumas,Clio,06063
96122,Plumas,Portola,06063
95915,Plumas,Belden,06063
96129,Plumas,Beckwourth,06063
96135,Plumas,Vinton,06063
96020,Plumas,Chester,06063
95984,Plumas,Twain,06063
95923,Plumas,Canyon Dam,06063
95980,Plumas,Storrie,06063
95956,Plumas,Meadow Valley,06063
95947,Plumas,Greenville,06063
95971,Plumas,Quincy,06063
95983,Plumas,Taylorsville,06063
92572,Riverside,Perris,06065
92530,Riverside,Lake Elsinore,06065
92522,Riverside,Riverside,06065
92599,Riverside,Perris,06065
92596,Riverside,Winchester,06065
92595,Riverside,Wildomar,06065
92593,Riverside,Temecula,06065
92592,Riverside,Temecula,06065
92591,Riverside,Temecula,06065
92590,Riverside,Temecula,06065
92521,Riverside,Riverside,06065
92589,Riverside,Temecula,06065
92587,Riverside,Sun City,06065
92519,Riverside,Riverside,06065
92518,Riverside,March Air Reserve Base,06065
92564,Riverside,Murrieta,06065
92585,Riverside,Sun City,06065
92567,Riverside,Nuevo,06065
92517,Riverside,Riverside,06065
92513,Riverside,Riverside,06065
92514,Riverside,Riverside,06065
92584,Riverside,Menifee,06065
92583,Riverside,San Jacinto,06065
92582,Riverside,San Jacinto,06065
92581,Riverside,San Jacinto,06065
92570,Riverside,Perris,06065
92571,Riverside,Perris,06065
92586,Riverside,Sun City,06065
92561,Riverside,Mountain Center,06065
92557,Riverside,Moreno Valley,06065
92554,Riverside,Moreno Valley,06065
91752,Riverside,Mira Loma,06065
92501,Riverside,Riverside,06065
92555,Riverside,Moreno Valley,06065
92553,Riverside,Moreno Valley,06065
92552,Riverside,Moreno Valley,06065
92551,Riverside,Moreno Valley,06065
92549,Riverside,Idyllwild,06065
92548,Riverside,Homeland,06065
92546,Riverside,Hemet,06065
92515,Riverside,Riverside,06065
92545,Riverside,Hemet,06065
92509,Riverside,Riverside,06065
92320,Riverside,Calimesa,06065
92544,Riverside,Hemet,06065
92539,Riverside,Anza,06065
92508,Riverside,Riverside,06065
92507,Riverside,Riverside,06065
92506,Riverside,Riverside,06065
92536,Riverside,Aguanga,06065
92505,Riverside,Riverside,06065
92504,Riverside,Riverside,06065
92503,Riverside,Riverside,06065
92502,Riverside,Riverside,06065
92563,Riverside,Murrieta,06065
92532,Riverside,Lake Elsinore,06065
92531,Riverside,Lake Elsinore,06065
92556,Riverside,Moreno Valley,06065
92543,Riverside,Hemet,06065
92516,Riverside,Riverside,06065
92562,Riverside,Murrieta,06065
92860,Riverside,Norco,06065
92276,Riverside,Thousand Palms,06065
92223,Riverside,Beaumont,06065
92274,Riverside,Thermal,06065
92270,Riverside,Rancho Mirage,06065
92264,Riverside,Palm Springs,06065
92263,Riverside,Palm Springs,06065
92262,Riverside,Palm Springs,06065
92260,Riverside,Palm Desert,06065
92220,Riverside,Banning,06065
92211,Riverside,Palm Desert,06065
92210,Riverside,Indian Wells,06065
92203,Riverside,Indio,06065
92202,Riverside,Indio,06065
92258,Riverside,North Palm Springs,06065
92255,Riverside,Palm Desert,06065
92254,Riverside,Mecca,06065
92253,Riverside,La Quinta,06065
92248,Riverside,La Quinta,06065
92201,Riverside,Indio,06065
92247,Riverside,La Quinta,06065
92241,Riverside,Desert Hot Springs,06065
92240,Riverside,Desert Hot Springs,06065
92239,Riverside,Desert Center,06065
92236,Riverside,Coachella,06065
92235,Riverside,Cathedral City,06065
92234,Riverside,Cathedral City,06065
92230,Riverside,Cabazon,06065
92282,Riverside,White Water,06065
92292,Riverside,Palm Springs,06065
92261,Riverside,Palm Desert,06065
92226,Riverside,Blythe,06065
92883,Riverside,Corona,06065
92882,Riverside,Corona,06065
92881,Riverside,Corona,06065
92880,Riverside,Corona,06065
92879,Riverside,Corona,06065
92878,Riverside,Corona,06065
92877,Riverside,Corona,06065
92225,Riverside,Blythe,06065
94296,Sacramento,Sacramento,06067
94245,Sacramento,Sacramento,06067
94279,Sacramento,Sacramento,06067
94280,Sacramento,Sacramento,06067
94282,Sacramento,Sacramento,06067
94283,Sacramento,Sacramento,06067
95610,Sacramento,Citrus Heights,06067
94247,Sacramento,Sacramento,06067
94284,Sacramento,Sacramento,06067
95609,Sacramento,Carmichael,06067
94285,Sacramento,Sacramento,06067
95608,Sacramento,Carmichael,06067
94297,Sacramento,Sacramento,06067
94286,Sacramento,Sacramento,06067
95899,Sacramento,Sacramento,06067
94299,Sacramento,Sacramento,06067
94298,Sacramento,Sacramento,06067
94244,Sacramento,Sacramento,06067
94289,Sacramento,Sacramento,06067
94290,Sacramento,Sacramento,06067
94291,Sacramento,Sacramento,06067
94293,Sacramento,Sacramento,06067
94294,Sacramento,Sacramento,06067
94295,Sacramento,Sacramento,06067
94246,Sacramento,Sacramento,06067
94287,Sacramento,Sacramento,06067
94288,Sacramento,Sacramento,06067
94252,Sacramento,Sacramento,06067
94237,Sacramento,Sacramento,06067
94262,Sacramento,Sacramento,06067
94208,Sacramento,Sacramento,06067
94207,Sacramento,Sacramento,06067
94261,Sacramento,Sacramento,06067
94259,Sacramento,Sacramento,06067
94258,Sacramento,Sacramento,06067
94263,Sacramento,Sacramento,06067
94257,Sacramento,Sacramento,06067
94256,Sacramento,Sacramento,06067
94205,Sacramento,Sacramento,06067
94204,Sacramento,Sacramento,06067
94203,Sacramento,Sacramento,06067
94250,Sacramento,Sacramento,06067
94254,Sacramento,Sacramento,06067
94206,Sacramento,Sacramento,06067
94239,Sacramento,Sacramento,06067
94209,Sacramento,Sacramento,06067
94268,Sacramento,Sacramento,06067
94278,Sacramento,Sacramento,06067
94277,Sacramento,Sacramento,06067
94274,Sacramento,Sacramento,06067
94273,Sacramento,Sacramento,06067
94271,Sacramento,Sacramento,06067
94269,Sacramento,Sacramento,06067
94267,Sacramento,Sacramento,06067
94236,Sacramento,Sacramento,06067
94234,Sacramento,Sacramento,06067
94232,Sacramento,Sacramento,06067
94230,Sacramento,Sacramento,06067
94229,Sacramento,Sacramento,06067
95611,Sacramento,Citrus Heights,06067
94211,Sacramento,Sacramento,06067
94235,Sacramento,Sacramento,06067
94240,Sacramento,Sacramento,06067
95860,Sacramento,Sacramento,06067
95615,Sacramento,Courtland,06067
95824,Sacramento,Sacramento,06067
95825,Sacramento,Sacramento,06067
95826,Sacramento,Sacramento,06067
95827,Sacramento,Sacramento,06067
95828,Sacramento,Sacramento,06067
95829,Sacramento,Sacramento,06067
95823,Sacramento,Sacramento,06067
95830,Sacramento,Sacramento,06067
95832,Sacramento,Sacramento,06067
95833,Sacramento,Sacramento,06067
95834,Sacramento,Sacramento,06067
95835,Sacramento,Sacramento,06067
95836,Sacramento,Sacramento,06067
95693,Sacramento,Wilton,06067
95831,Sacramento,Sacramento,06067
95894,Sacramento,Sacramento,06067
95822,Sacramento,Sacramento,06067
95820,Sacramento,Sacramento,06067
95741,Sacramento,Rancho Cordova,06067
95742,Sacramento,Rancho Cordova,06067
95757,Sacramento,Elk Grove,06067
95758,Sacramento,Elk Grove,06067
95759,Sacramento,Elk Grove,06067
95763,Sacramento,Folsom,06067
95821,Sacramento,Sacramento,06067
95812,Sacramento,Sacramento,06067
95814,Sacramento,Sacramento,06067
95815,Sacramento,Sacramento,06067
95816,Sacramento,Sacramento,06067
95817,Sacramento,Sacramento,06067
95818,Sacramento,Sacramento,06067
95819,Sacramento,Sacramento,06067
95813,Sacramento,Sacramento,06067
95683,Sacramento,Sloughhouse,06067
95690,Sacramento,Walnut Grove,06067
95838,Sacramento,Sacramento,06067
95639,Sacramento,Hood,06067
95638,Sacramento,Herald,06067
94248,Sacramento,Sacramento,06067
95864,Sacramento,Sacramento,06067
95865,Sacramento,Sacramento,06067
95632,Sacramento,Galt,06067
95853,Sacramento,Sacramento,06067
95866,Sacramento,Sacramento,06067
95867,Sacramento,Sacramento,06067
95628,Sacramento,Fair Oaks,06067
95626,Sacramento,Elverta,06067
95624,Sacramento,Elk Grove,06067
95621,Sacramento,Citrus Heights,06067
95887,Sacramento,Sacramento,06067
95630,Sacramento,Folsom,06067
95837,Sacramento,Sacramento,06067
95641,Sacramento,Isleton,06067
95851,Sacramento,Sacramento,06067
95680,Sacramento,Ryde,06067
95840,Sacramento,Sacramento,06067
95841,Sacramento,Sacramento,06067
95673,Sacramento,Rio Linda,06067
95852,Sacramento,Sacramento,06067
95670,Sacramento,Rancho Cordova,06067
95671,Sacramento,Represa,06067
95662,Sacramento,Orangevale,06067
95843,Sacramento,Antelope,06067
95660,Sacramento,North Highlands,06067
95655,Sacramento,Mather,06067
95652,Sacramento,Mcclellan,06067
95842,Sacramento,Sacramento,06067
94249,Sacramento,Sacramento,06067
95043,San Benito,Paicines,06069
95023,San Benito,Hollister,06069
95075,San Benito,Tres Pinos,06069
95024,San Benito,Hollister,06069
95045,San Benito,San Juan Bautista,06069
92332,San Bernardino,Essex,06071
92372,San Bernardino,Pinon Hills,06071
92373,San Bernardino,Redlands,06071
92374,San Bernardino,Redlands,06071
92322,San Bernardino,Cedarpines Park,06071
92268,San Bernardino,Pioneertown,06071
92267,San Bernardino,Parker Dam,06071
91761,San Bernardino,Ontario,06071
92375,San Bernardino,Redlands,06071
92376,San Bernardino,Rialto,06071
92377,San Bernardino,Rialto,06071
91758,San Bernardino,Ontario,06071
92378,San Bernardino,Rimforest,06071
91762,San Bernardino,Ontario,06071
92385,San Bernardino,Skyforest,06071
92386,San Bernardino,Sugarloaf,06071
92391,San Bernardino,Twin Peaks,06071
91763,San Bernardino,Montclair,06071
92256,San Bernardino,Morongo Valley,06071
92392,San Bernardino,Victorville,06071
92393,San Bernardino,Victorville,06071
92394,San Bernardino,Victorville,06071
92252,San Bernardino,Joshua Tree,06071
92382,San Bernardino,Running Springs,06071
91764,San Bernardino,Ontario,06071
92371,San Bernardino,Phelan,06071
92278,San Bernardino,Twentynine Palms,06071
92318,San Bernardino,Bryn Mawr,06071
92317,San Bernardino,Blue Jay,06071
92316,San Bernardino,Bloomington,06071
92315,San Bernardino,Big Bear Lake,06071
92365,San Bernardino,Newberry Springs,06071
92314,San Bernardino,Big Bear City,06071
92313,San Bernardino,Grand Terrace,06071
92312,San Bernardino,Barstow,06071
92311,San Bernardino,Barstow,06071
92310,San Bernardino,Fort Irwin,06071
92277,San Bernardino,Twentynine Palms,06071
92309,San Bernardino,Baker,06071
92307,San Bernardino,Apple Valley,06071
92305,San Bernardino,Angelus Oaks,06071
92304,San Bernardino,Amboy,06071
92301,San Bernardino,Adelanto,06071
92368,San Bernardino,Oro Grande,06071
92286,San Bernardino,Yucca Valley,06071
92285,San Bernardino,Landers,06071
92284,San Bernardino,Yucca Valley,06071
92369,San Bernardino,Patton,06071
92280,San Bernardino,Vidal,06071
92308,San Bernardino,Apple Valley,06071
92323,San Bernardino,Cima,06071
92395,San Bernardino,Victorville,06071
92397,San Bernardino,Wrightwood,06071
92415,San Bernardino,San Bernardino,06071
92418,San Bernardino,San Bernardino,06071
92423,San Bernardino,San Bernardino,06071
92354,San Bernardino,Loma Linda,06071
92424,San Bernardino,San Bernardino,06071
92427,San Bernardino,San Bernardino,06071
92352,San Bernardino,Lake Arrowhead,06071
92350,San Bernardino,Loma Linda,06071
92347,San Bernardino,Hinkley,06071
92346,San Bernardino,Highland,06071
92414,San Bernardino,San Bernardino,06071
92345,San Bernardino,Hesperia,06071
92366,San Bernardino,Mountain Pass,06071
92341,San Bernardino,Green Valley Lake,06071
92340,San Bernardino,Hesperia,06071
92339,San Bernardino,Forest Falls,06071
92338,San Bernardino,Ludlow,06071
92337,San Bernardino,Fontana,06071
92336,San Bernardino,Fontana,06071
92335,San Bernardino,Fontana,06071
92334,San Bernardino,Fontana,06071
92333,San Bernardino,Fawnskin,06071
92344,San Bernardino,Hesperia,06071
92413,San Bernardino,San Bernardino,06071
92412,San Bernardino,San Bernardino,06071
92411,San Bernardino,San Bernardino,06071
92242,San Bernardino,Earp,06071
92398,San Bernardino,Yermo,06071
92399,San Bernardino,Yucaipa,06071
92401,San Bernardino,San Bernardino,06071
92402,San Bernardino,San Bernardino,06071
92324,San Bernardino,Colton,06071
92403,San Bernardino,San Bernardino,06071
92364,San Bernardino,Nipton,06071
92363,San Bernardino,Needles,06071
92404,San Bernardino,San Bernardino,06071
92325,San Bernardino,Crestline,06071
92326,San Bernardino,Crest Park,06071
92327,San Bernardino,Daggett,06071
92329,San Bernardino,Phelan,06071
92359,San Bernardino,Mentone,06071
92358,San Bernardino,Lytle Creek,06071
92405,San Bernardino,San Bernardino,06071
92406,San Bernardino,San Bernardino,06071
92407,San Bernardino,San Bernardino,06071
92408,San Bernardino,San Bernardino,06071
92357,San Bernardino,Loma Linda,06071
92356,San Bernardino,Lucerne Valley,06071
92410,San Bernardino,San Bernardino,06071
92331,San Bernardino,Fontana,06071
92342,San Bernardino,Helendale,06071
92321,San Bernardino,Cedar Glen,06071
91709,San Bernardino,Chino Hills,06071
91730,San Bernardino,Rancho Cucamonga,06071
91737,San Bernardino,Rancho Cucamonga,06071
91710,San Bernardino,Chino,06071
91739,San Bernardino,Rancho Cucamonga,06071
91708,San Bernardino,Chino,06071
91743,San Bernardino,Guasti,06071
91729,San Bernardino,Rancho Cucamonga,06071
91701,San Bernardino,Rancho Cucamonga,06071
93558,San Bernardino,Red Mountain,06071
93562,San Bernardino,Trona,06071
93592,San Bernardino,Trona,06071
91784,San Bernardino,Upland,06071
91785,San Bernardino,Upland,06071
91786,San Bernardino,Upland,06071
91798,San Bernardino,Ontario,06071
92028,San Diego,Fallbrook,06073
92027,San Diego,Escondido,06073
92026,San Diego,Escondido,06073
92025,San Diego,Escondido,06073
92029,San Diego,Escondido,06073
92024,San Diego,Encinitas,06073
92184,San Diego,San Diego,06073
92022,San Diego,El Cajon,06073
92030,San Diego,Escondido,06073
92021,San Diego,El Cajon,06073
92020,San Diego,El Cajon,06073
92019,San Diego,El Cajon,06073
92018,San Diego,Carlsbad,06073
92014,San Diego,Del Mar,06073
92013,San Diego,Carlsbad,06073
92023,San Diego,Encinitas,06073
92033,San Diego,Escondido,06073
92046,San Diego,Escondido,06073
92037,San Diego,La Jolla,06073
92067,San Diego,Rancho Santa Fe,06073
92066,San Diego,Ranchita,06073
92065,San Diego,Ramona,06073
92064,San Diego,Poway,06073
92061,San Diego,Pauma Valley,06073
92060,San Diego,Palomar Mountain,06073
92059,San Diego,Pala,06073
92057,San Diego,Oceanside,06073
92036,San Diego,Julian,06073
92056,San Diego,Oceanside,06073
92054,San Diego,Oceanside,06073
92052,San Diego,Oceanside,06073
92051,San Diego,Oceanside,06073
92049,San Diego,Oceanside,06073
92011,San Diego,Carlsbad,06073
92040,San Diego,Lakeside,06073
92039,San Diego,La Jolla,06073
92038,San Diego,La Jolla,06073
92055,San Diego,Camp Pendleton,06073
92010,San Diego,Carlsbad,06073
92003,San Diego,Bonsall,06073
92008,San Diego,Carlsbad,06073
91933,San Diego,Imperial Beach,06073
91932,San Diego,Imperial Beach,06073
91931,San Diego,Guatay,06073
91921,San Diego,Chula Vista,06073
91917,San Diego,Dulzura,06073
91916,San Diego,Descanso,06073
91915,San Diego,Chula Vista,06073
91914,San Diego,Chula Vista,06073
91913,San Diego,Chula Vista,06073
91912,San Diego,Chula Vista,06073
91911,San Diego,Chula Vista,06073
91910,San Diego,Chula Vista,06073
91909,San Diego,Chula Vista,06073
91908,San Diego,Bonita,06073
91906,San Diego,Campo,06073
91905,San Diego,Boulevard,06073
91903,San Diego,Alpine,06073
91902,San Diego,Bonita,06073
91901,San Diego,Alpine,06073
91934,San Diego,Jacumba,06073
91935,San Diego,Jamul,06073
91941,San Diego,La Mesa,06073
91942,San Diego,La Mesa,06073
92007,San Diego,Cardiff By The Sea,06073
92004,San Diego,Borrego Springs,06073
92068,San Diego,San Luis Rey,06073
91990,San Diego,Potrero,06073
91987,San Diego,Tecate,06073
91980,San Diego,Tecate,06073
91979,San Diego,Spring Valley,06073
91978,San Diego,Spring Valley,06073
91977,San Diego,Spring Valley,06073
92009,San Diego,Carlsbad,06073
91976,San Diego,Spring Valley,06073
91962,San Diego,Pine Valley,06073
91951,San Diego,National City,06073
91950,San Diego,National City,06073
91948,San Diego,Mount Laguna,06073
91947,San Diego,Lincoln Acres,06073
91946,San Diego,Lemon Grove,06073
91945,San Diego,Lemon Grove,06073
91944,San Diego,La Mesa,06073
91943,San Diego,La Mesa,06073
91963,San Diego,Potrero,06073
92186,San Diego,San Diego,06073
92069,San Diego,San Marcos,06073
92198,San Diego,San Diego,06073
92192,San Diego,San Diego,06073
92193,San Diego,San Diego,06073
92194,San Diego,San Diego,06073
92155,San Diego,San Diego,06073
92154,San Diego,San Diego,06073
92153,San Diego,San Diego,06073
92152,San Diego,San Diego,06073
92150,San Diego,San Diego,06073
92149,San Diego,San Diego,06073
92147,San Diego,San Diego,06073
92145,San Diego,San Diego,06073
92143,San Diego,San Ysidro,06073
92142,San Diego,San Diego,06073
92140,San Diego,San Diego,06073
92139,San Diego,San Diego,06073
92138,San Diego,San Diego,06073
92137,San Diego,San Diego,06073
92136,San Diego,San Diego,06073
92135,San Diego,San Diego,06073
92134,San Diego,San Diego,06073
92133,San Diego,San Diego,06073
92191,San Diego,San Diego,06073
92158,San Diego,San Diego,06073
92159,San Diego,San Diego,06073
92160,San Diego,San Diego,06073
92182,San Diego,San Diego,06073
92179,San Diego,San Diego,06073
92178,San Diego,Coronado,06073
92177,San Diego,San Diego,06073
92176,San Diego,San Diego,06073
92175,San Diego,San Diego,06073
92174,San Diego,San Diego,06073
92173,San Diego,San Ysidro,06073
92187,San Diego,San Diego,06073
92172,San Diego,San Diego,06073
92132,San Diego,San Diego,06073
92171,San Diego,San Diego,06073
92169,San Diego,San Diego,06073
92168,San Diego,San Diego,06073
92167,San Diego,San Diego,06073
92166,San Diego,San Diego,06073
92165,San Diego,San Diego,06073
92164,San Diego,San Diego,06073
92163,San Diego,San Diego,06073
92162,San Diego,San Diego,06073
92161,San Diego,San Diego,06073
92190,San Diego,San Diego,06073
92170,San Diego,San Diego,06073
92131,San Diego,San Diego,06073
92130,San Diego,San Diego,06073
92129,San Diego,San Diego,06073
92096,San Diego,San Marcos,06073
92093,San Diego,La Jolla,06073
92092,San Diego,La Jolla,06073
92091,San Diego,Rancho Santa Fe,06073
92090,San Diego,El Cajon,06073
92088,San Diego,Fallbrook,06073
92086,San Diego,Warner Springs,06073
92085,San Diego,Vista,06073
92084,San Diego,Vista,06073
92083,San Diego,Vista,06073
92101,San Diego,San Diego,06073
92082,San Diego,Valley Center,06073
92079,San Diego,San Marcos,06073
92078,San Diego,San Marcos,06073
92075,San Diego,Solana Beach,06073
92074,San Diego,Poway,06073
92072,San Diego,Santee,06073
92195,San Diego,San Diego,06073
92196,San Diego,San Diego,06073
92071,San Diego,Santee,06073
92070,San Diego,Santa Ysabel,06073
92197,San Diego,San Diego,06073
92081,San Diego,Vista,06073
92199,San Diego,San Diego,06073
92102,San Diego,San Diego,06073
92104,San Diego,San Diego,06073
92128,San Diego,San Diego,06073
92127,San Diego,San Diego,06073
92126,San Diego,San Diego,06073
92124,San Diego,San Diego,06073
92123,San Diego,San Diego,06073
92122,San Diego,San Diego,06073
92120,San Diego,San Diego,06073
92119,San Diego,San Diego,06073
92118,San Diego,Coronado,06073
92117,San Diego,San Diego,06073
92103,San Diego,San Diego,06073
92116,San Diego,San Diego,06073
92114,San Diego,San Diego,06073
92113,San Diego,San Diego,06073
92112,San Diego,San Diego,06073
92111,San Diego,San Diego,06073
92110,San Diego,San Diego,06073
92109,San Diego,San Diego,06073
92108,San Diego,San Diego,06073
92107,San Diego,San Diego,06073
92106,San Diego,San Diego,06073
92105,San Diego,San Diego,06073
92115,San Diego,San Diego,06073
92121,San Diego,San Diego,06073
94138,San Francisco,San Francisco,06075
94112,San Francisco,San Francisco,06075
94133,San Francisco,San Francisco,06075
94134,San Francisco,San Francisco,06075
94135,San Francisco,San Francisco,06075
94136,San Francisco,San Francisco,06075
94137,San Francisco,San Francisco,06075
94139,San Francisco,San Francisco,06075
94140,San Francisco,San Francisco,06075
94141,San Francisco,San Francisco,06075
94142,San Francisco,San Francisco,06075
94143,San Francisco,San Francisco,06075
94144,San Francisco,San Francisco,06075
94132,San Francisco,San Francisco,06075
94145,San Francisco,San Francisco,06075
94147,San Francisco,San Francisco,06075
94150,San Francisco,San Francisco,06075
94151,San Francisco,San Francisco,06075
94152,San Francisco,San Francisco,06075
94153,San Francisco,San Francisco,06075
94154,San Francisco,San Francisco,06075
94156,San Francisco,San Francisco,06075
94157,San Francisco,San Francisco,06075
94158,San Francisco,San Francisco,06075
94159,San Francisco,San Francisco,06075
94160,San Francisco,San Francisco,06075
94146,San Francisco,San Francisco,06075
94131,San Francisco,San Francisco,06075
94130,San Francisco,San Francisco,06075
94129,San Francisco,San Francisco,06075
94101,San Francisco,San Francisco,06075
94102,San Francisco,San Francisco,06075
94103,San Francisco,San Francisco,06075
94104,San Francisco,San Francisco,06075
94105,San Francisco,San Francisco,06075
94106,San Francisco,San Francisco,06075
94107,San Francisco,San Francisco,06075
94108,San Francisco,San Francisco,06075
94109,San Francisco,San Francisco,06075
94110,San Francisco,San Francisco,06075
94111,San Francisco,San Francisco,06075
94114,San Francisco,San Francisco,06075
94115,San Francisco,San Francisco,06075
94116,San Francisco,San Francisco,06075
94117,San Francisco,San Francisco,06075
94118,San Francisco,San Francisco,06075
94119,San Francisco,San Francisco,06075
94120,San Francisco,San Francisco,06075
94121,San Francisco,San Francisco,06075
94122,San Francisco,San Francisco,06075
94123,San Francisco,San Francisco,06075
94124,San Francisco,San Francisco,06075
94125,San Francisco,San Francisco,06075
94126,San Francisco,San Francisco,06075
94127,San Francisco,San Francisco,06075
94161,San Francisco,San Francisco,06075
94162,San Francisco,San Francisco,06075
94155,San Francisco,San Francisco,06075
94169,San Francisco,San Francisco,06075
94167,San Francisco,San Francisco,06075
94168,San Francisco,San Francisco,06075
94170,San Francisco,San Francisco,06075
94164,San Francisco,San Francisco,06075
94163,San Francisco,San Francisco,06075
94166,San Francisco,San Francisco,06075
94171,San Francisco,San Francisco,06075
94172,San Francisco,San Francisco,06075
94165,San Francisco,San Francisco,06075
94177,San Francisco,San Francisco,06075
94199,San Francisco,San Francisco,06075
94188,San Francisco,San Francisco,06075
94175,San Francisco,San Francisco,06075
95330,San Joaquin,Lathrop,06077
95320,San Joaquin,Escalon,06077
95391,San Joaquin,Tracy,06077
95253,San Joaquin,Victor,06077
95385,San Joaquin,Vernalis,06077
95376,San Joaquin,Tracy,06077
95377,San Joaquin,Tracy,06077
95378,San Joaquin,Tracy,06077
95267,San Joaquin,Stockton,06077
95269,San Joaquin,Stockton,06077
95336,San Joaquin,Manteca,06077
95297,San Joaquin,Stockton,06077
95204,San Joaquin,Stockton,06077
95304,San Joaquin,Tracy,06077
95337,San Joaquin,Manteca,06077
95258,San Joaquin,Woodbridge,06077
95296,San Joaquin,Stockton,06077
95205,San Joaquin,Stockton,06077
95241,San Joaquin,Lodi,06077
95206,San Joaquin,Stockton,06077
95207,San Joaquin,Stockton,06077
95208,San Joaquin,Stockton,06077
95209,San Joaquin,Stockton,06077
95210,San Joaquin,Stockton,06077
95211,San Joaquin,Stockton,06077
95212,San Joaquin,Stockton,06077
95213,San Joaquin,Stockton,06077
95215,San Joaquin,Stockton,06077
95219,San Joaquin,Stockton,06077
95220,San Joaquin,Acampo,06077
95242,San Joaquin,Lodi,06077
95203,San Joaquin,Stockton,06077
95202,San Joaquin,Stockton,06077
95686,San Joaquin,Thornton,06077
95240,San Joaquin,Lodi,06077
95237,San Joaquin,Lockeford,06077
95227,San Joaquin,Clements,06077
95366,San Joaquin,Ripon,06077
95230,San Joaquin,Farmington,06077
95231,San Joaquin,French Camp,06077
95201,San Joaquin,Stockton,06077
95236,San Joaquin,Linden,06077
95234,San Joaquin,Holt,06077
93401,San Luis Obispo,San Luis Obispo,06079
93423,San Luis Obispo,Atascadero,06079
93422,San Luis Obispo,Atascadero,06079
93421,San Luis Obispo,Arroyo Grande,06079
93420,San Luis Obispo,Arroyo Grande,06079
93407,San Luis Obispo,San Luis Obispo,06079
93405,San Luis Obispo,San Luis Obispo,06079
93412,San Luis Obispo,Los Osos,06079
93410,San Luis Obispo,San Luis Obispo,06079
93403,San Luis Obispo,San Luis Obispo,06079
93402,San Luis Obispo,Los Osos,06079
93408,San Luis Obispo,San Luis Obispo,06079
93406,San Luis Obispo,San Luis Obispo,06079
93409,San Luis Obispo,San Luis Obispo,06079
93447,San Luis Obispo,Paso Robles,06079
93446,San Luis Obispo,Paso Robles,06079
93465,San Luis Obispo,Templeton,06079
93461,San Luis Obispo,Shandon,06079
93453,San Luis Obispo,Santa Margarita,06079
93452,San Luis Obispo,San Simeon,06079
93451,San Luis Obispo,San Miguel,06079
93449,San Luis Obispo,Pismo Beach,06079
93448,San Luis Obispo,Pismo Beach,06079
93424,San Luis Obispo,Avila Beach,06079
93445,San Luis Obispo,Oceano,06079
93444,San Luis Obispo,Nipomo,06079
93443,San Luis Obispo,Morro Bay,06079
93442,San Luis Obispo,Morro Bay,06079
93435,San Luis Obispo,Harmony,06079
93433,San Luis Obispo,Grover Beach,06079
93432,San Luis Obispo,Creston,06079
93430,San Luis Obispo,Cayucos,06079
93428,San Luis Obispo,Cambria,06079
93475,San Luis Obispo,Oceano,06079
93483,San Luis Obispo,Grover Beach,06079
94403,San Mateo,San Mateo,06081
94098,San Mateo,San Bruno,06081
94402,San Mateo,San Mateo,06081
94401,San Mateo,San Mateo,06081
94128,San Mateo,San Francisco,06081
94096,San Mateo,San Bruno,06081
94497,San Mateo,San Mateo,06081
94014,San Mateo,Daly City,06081
94030,San Mateo,Millbrae,06081
94028,San Mateo,Portola Valley,06081
94026,San Mateo,Menlo Park,06081
94025,San Mateo,Menlo Park,06081
94404,San Mateo,San Mateo,06081
94021,San Mateo,Loma Mar,06081
94020,San Mateo,La Honda,06081
94019,San Mateo,Half Moon Bay,06081
94018,San Mateo,El Granada,06081
94017,San Mateo,Daly City,06081
94016,San Mateo,Daly City,06081
94015,San Mateo,Daly City,06081
94013,San Mateo,Daly City,06081
94011,San Mateo,Burlingame,06081
94010,San Mateo,Burlingame,06081
94005,San Mateo,Brisbane,06081
94002,San Mateo,Belmont,06081
94037,San Mateo,Montara,06081
94038,San Mateo,Moss Beach,06081
94027,San Mateo,Atherton,06081
94070,San Mateo,San Carlos,06081
94074,San Mateo,San Gregorio,06081
94066,San Mateo,San Bruno,06081
94065,San Mateo,Redwood City,06081
94064,San Mateo,Redwood City,06081
94063,San Mateo,Redwood City,06081
94062,San Mateo,Redwood City,06081
94080,San Mateo,South San Francisco,06081
94061,San Mateo,Redwood City,06081
94083,San Mateo,South San Francisco,06081
94044,San Mateo,Pacifica,06081
94060,San Mateo,Pescadero,06081
93140,Santa Barbara,Santa Barbara,06083
93121,Santa Barbara,Santa Barbara,06083
93120,Santa Barbara,Santa Barbara,06083
93118,Santa Barbara,Goleta,06083
93117,Santa Barbara,Goleta,06083
93116,Santa Barbara,Goleta,06083
93441,Santa Barbara,Los Olivos,06083
93111,Santa Barbara,Santa Barbara,06083
93454,Santa Barbara,Santa Maria,06083
93130,Santa Barbara,Santa Barbara,06083
93464,Santa Barbara,Solvang,06083
93150,Santa Barbara,Santa Barbara,06083
93463,Santa Barbara,Solvang,06083
93160,Santa Barbara,Santa Barbara,06083
93190,Santa Barbara,Santa Barbara,06083
93110,Santa Barbara,Santa Barbara,06083
93456,Santa Barbara,Santa Maria,06083
93457,Santa Barbara,Santa Maria,06083
93199,Santa Barbara,Goleta,06083
93458,Santa Barbara,Santa Maria,06083
93460,Santa Barbara,Santa Ynez,06083
93455,Santa Barbara,Santa Maria,06083
93109,Santa Barbara,Santa Barbara,06083
93014,Santa Barbara,Carpinteria,06083
93107,Santa Barbara,Santa Barbara,06083
93254,Santa Barbara,New Cuyama,06083
93427,Santa Barbara,Buellton,06083
93429,Santa Barbara,Casmalia,06083
93108,Santa Barbara,Santa Barbara,06083
93436,Santa Barbara,Lompoc,06083
93440,Santa Barbara,Los Alamos,06083
93013,Santa Barbara,Carpinteria,06083
93434,Santa Barbara,Guadalupe,06083
93067,Santa Barbara,Summerland,06083
93101,Santa Barbara,Santa Barbara,06083
93102,Santa Barbara,Santa Barbara,06083
93103,Santa Barbara,Santa Barbara,06083
93105,Santa Barbara,Santa Barbara,06083
93106,Santa Barbara,Santa Barbara,06083
93437,Santa Barbara,Lompoc,06083
93438,Santa Barbara,Lompoc,06083
94301,Santa Clara,Palo Alto,06085
94302,Santa Clara,Palo Alto,06085
94303,Santa Clara,Palo Alto,06085
94304,Santa Clara,Palo Alto,06085
94305,Santa Clara,Stanford,06085
94306,Santa Clara,Palo Alto,06085
94309,Santa Clara,Palo Alto,06085
94086,Santa Clara,Sunnyvale,06085
94022,Santa Clara,Los Altos,06085
94023,Santa Clara,Los Altos,06085
94035,Santa Clara,Mountain View,06085
95109,Santa Clara,San Jose,06085
94039,Santa Clara,Mountain View,06085
94040,Santa Clara,Mountain View,06085
94041,Santa Clara,Mountain View,06085
94042,Santa Clara,Mountain View,06085
94043,Santa Clara,Mountain View,06085
94089,Santa Clara,Sunnyvale,06085
94088,Santa Clara,Sunnyvale,06085
94087,Santa Clara,Sunnyvale,06085
94085,Santa Clara,Sunnyvale,06085
94024,Santa Clara,Los Altos,06085
95110,Santa Clara,San Jose,06085
95196,Santa Clara,San Jose,06085
95193,Santa Clara,San Jose,06085
95194,Santa Clara,San Jose,06085
95020,Santa Clara,Gilroy,06085
95021,Santa Clara,Gilroy,06085
95026,Santa Clara,Holy City,06085
95108,Santa Clara,San Jose,06085
95030,Santa Clara,Los Gatos,06085
95106,Santa Clara,San Jose,06085
95031,Santa Clara,Los Gatos,06085
95032,Santa Clara,Los Gatos,06085
95111,Santa Clara,San Jose,06085
95103,Santa Clara,San Jose,06085
95035,Santa Clara,Milpitas,06085
95101,Santa Clara,San Jose,06085
95036,Santa Clara,Milpitas,06085
95192,Santa Clara,San Jose,06085
95191,Santa Clara,San Jose,06085
95190,Santa Clara,San Jose,06085
95173,Santa Clara,San Jose,06085
95014,Santa Clara,Cupertino,06085
95151,Santa Clara,San Jose,06085
95152,Santa Clara,San Jose,06085
95153,Santa Clara,San Jose,06085
95154,Santa Clara,San Jose,06085
95155,Santa Clara,San Jose,06085
95156,Santa Clara,San Jose,06085
95037,Santa Clara,Morgan Hill,06085
95015,Santa Clara,Cupertino,06085
95158,Santa Clara,San Jose,06085
95159,Santa Clara,San Jose,06085
95160,Santa Clara,San Jose,06085
95161,Santa Clara,San Jose,06085
95164,Santa Clara,San Jose,06085
95170,Santa Clara,San Jose,06085
95172,Santa Clara,San Jose,06085
95157,Santa Clara,San Jose,06085
95112,Santa Clara,San Jose,06085
95113,Santa Clara,San Jose,06085
95115,Santa Clara,San Jose,06085
95128,Santa Clara,San Jose,06085
95129,Santa Clara,San Jose,06085
95130,Santa Clara,San Jose,06085
95131,Santa Clara,San Jose,06085
95132,Santa Clara,San Jose,06085
95133,Santa Clara,San Jose,06085
95134,Santa Clara,San Jose,06085
95127,Santa Clara,San Jose,06085
95135,Santa Clara,San Jose,06085
95136,Santa Clara,San Jose,06085
95056,Santa Clara,Santa Clara,06085
95138,Santa Clara,San Jose,06085
95055,Santa Clara,Santa Clara,06085
95139,Santa Clara,San Jose,06085
95054,Santa Clara,Santa Clara,06085
95052,Santa Clara,Santa Clara,06085
95051,Santa Clara,Santa Clara,06085
95013,Santa Clara,Coyote,06085
95126,Santa Clara,San Jose,06085
95124,Santa Clara,San Jose,06085
95038,Santa Clara,Morgan Hill,06085
95116,Santa Clara,San Jose,06085
95071,Santa Clara,Saratoga,06085
95042,Santa Clara,New Almaden,06085
95140,Santa Clara,Mount Hamilton,06085
95044,Santa Clara,Redwood Estates,06085
95117,Santa Clara,San Jose,06085
95125,Santa Clara,San Jose,06085
95070,Santa Clara,Saratoga,06085
95046,Santa Clara,San Martin,06085
95119,Santa Clara,San Jose,06085
95120,Santa Clara,San Jose,06085
95050,Santa Clara,Santa Clara,06085
95121,Santa Clara,San Jose,06085
95122,Santa Clara,San Jose,06085
95123,Santa Clara,San Jose,06085
95118,Santa Clara,San Jose,06085
95150,Santa Clara,San Jose,06085
95053,Santa Clara,Santa Clara,06085
95009,Santa Clara,Campbell,06085
95008,Santa Clara,Campbell,06085
95141,Santa Clara,San Jose,06085
95011,Santa Clara,Campbell,06085
95002,Santa Clara,Alviso,06085
95148,Santa Clara,San Jose,06085
95067,Santa Cruz,Scotts Valley,06087
95018,Santa Cruz,Felton,06087
95063,Santa Cruz,Santa Cruz,06087
95007,Santa Cruz,Brookdale,06087
95006,Santa Cruz,Boulder Creek,06087
95003,Santa Cruz,Aptos,06087
95062,Santa Cruz,Santa Cruz,06087
95041,Santa Cruz,Mount Hermon,06087
95061,Santa Cruz,Santa Cruz,06087
95019,Santa Cruz,Freedom,06087
95066,Santa Cruz,Scotts Valley,06087
95001,Santa Cruz,Aptos,06087
95060,Santa Cruz,Santa Cruz,06087
95033,Santa Cruz,Los Gatos,06087
95077,Santa Cruz,Watsonville,06087
95076,Santa Cruz,Watsonville,06087
95065,Santa Cruz,Santa Cruz,06087
95010,Santa Cruz,Capitola,06087
95005,Santa Cruz,Ben Lomond,06087
95073,Santa Cruz,Soquel,06087
95017,Santa Cruz,Davenport,06087
95064,Santa Cruz,Santa Cruz,06087
96003,Shasta,Redding,06089
96040,Shasta,Hat Creek,06089
96016,Shasta,Cassel,06089
96062,Shasta,Millville,06089
96089,Shasta,Shasta Lake,06089
96096,Shasta,Whitmore,06089
96049,Shasta,Redding,06089
96065,Shasta,Montgomery Creek,06089
96095,Shasta,Whiskeytown,06089
96071,Shasta,Old Station,06089
96088,Shasta,Shingletown,06089
96069,Shasta,Oak Run,06089
96017,Shasta,Castella,06089
96073,Shasta,Palo Cedro,06089
96087,Shasta,Shasta,06089
96079,Shasta,Shasta Lake,06089
96033,Shasta,French Gulch,06089
96013,Shasta,Burney,06089
96011,Shasta,Big Bend,06089
96019,Shasta,Shasta Lake,06089
96022,Shasta,Cottonwood,06089
96076,Shasta,Platina,06089
96099,Shasta,Redding,06089
96008,Shasta,Bella Vista,06089
96070,Shasta,Obrien,06089
96051,Shasta,Lakehead,06089
96002,Shasta,Redding,06089
96001,Shasta,Redding,06089
96047,Shasta,Igo,06089
96028,Shasta,Fall River Mills,06089
96007,Shasta,Anderson,06089
96084,Shasta,Round Mountain,06089
96126,Sierra,Sierraville,06091
95944,Sierra,Goodyears Bar,06091
95936,Sierra,Downieville,06091
96125,Sierra,Sierra City,06091
96118,Sierra,Loyalton,06091
96124,Sierra,Calpine,06091
95910,Sierra,Alleghany,06091
96085,Siskiyou,Scott Bar,06093
96086,Siskiyou,Seiad Valley,06093
96038,Siskiyou,Grenada,06093
96064,Siskiyou,Montague,06093
96067,Siskiyou,Mount Shasta,06093
96044,Siskiyou,Hornbrook,06093
96097,Siskiyou,Yreka,06093
96050,Siskiyou,Klamath River,06093
96023,Siskiyou,Dorris,06093
96014,Siskiyou,Callahan,06093
96057,Siskiyou,Mccloud,06093
96058,Siskiyou,Macdoel,06093
96025,Siskiyou,Dunsmuir,06093
96027,Siskiyou,Etna,06093
96031,Siskiyou,Forks Of Salmon,06093
96032,Siskiyou,Fort Jones,06093
96037,Siskiyou,Greenview,06093
96134,Siskiyou,Tulelake,06093
95568,Siskiyou,Somes Bar,06093
96094,Siskiyou,Weed,06093
96039,Siskiyou,Happy Camp,06093
96034,Siskiyou,Gazelle,06093
94535,Solano,Travis Afb,06095
94585,Solano,Suisun City,06095
94571,Solano,Rio Vista,06095
94534,Solano,Fairfield,06095
94533,Solano,Fairfield,06095
94589,Solano,Vallejo,06095
94590,Solano,Vallejo,06095
94512,Solano,Birds Landing,06095
94592,Solano,Vallejo,06095
95696,Solano,Vacaville,06095
95688,Solano,Vacaville,06095
95687,Solano,Vacaville,06095
94510,Solano,Benicia,06095
95625,Solano,Elmira,06095
95620,Solano,Dixon,06095
94591,Solano,Vallejo,06095
95471,Sonoma,Rio Nido,06097
95492,Sonoma,Windsor,06097
95472,Sonoma,Sebastopol,06097
95473,Sonoma,Sebastopol,06097
95487,Sonoma,Vineburg,06097
95486,Sonoma,Villa Grande,06097
95476,Sonoma,Sonoma,06097
95404,Sonoma,Santa Rosa,06097
95444,Sonoma,Graton,06097
95465,Sonoma,Occidental,06097
95431,Sonoma,Eldridge,06097
95430,Sonoma,Duncans Mills,06097
94975,Sonoma,Petaluma,06097
94999,Sonoma,Petaluma,06097
95425,Sonoma,Cloverdale,06097
95421,Sonoma,Cazadero,06097
95419,Sonoma,Camp Meeker,06097
95416,Sonoma,Boyes Hot Springs,06097
95412,Sonoma,Annapolis,06097
95409,Sonoma,Santa Rosa,06097
95408,Sonoma,Santa Rosa,06097
95407,Sonoma,Santa Rosa,06097
95406,Sonoma,Santa Rosa,06097
95405,Sonoma,Santa Rosa,06097
95401,Sonoma,Santa Rosa,06097
95402,Sonoma,Santa Rosa,06097
95403,Sonoma,Santa Rosa,06097
94972,Sonoma,Valley Ford,06097
95433,Sonoma,El Verano,06097
94955,Sonoma,Petaluma,06097
95436,Sonoma,Forestville,06097
95462,Sonoma,Monte Rio,06097
94922,Sonoma,Bodega,06097
94923,Sonoma,Bodega Bay,06097
94926,Sonoma,Cotati,06097
94927,Sonoma,Rohnert Park,06097
94928,Sonoma,Rohnert Park,06097
95452,Sonoma,Kenwood,06097
94931,Sonoma,Cotati,06097
95497,Sonoma,The Sea Ranch,06097
95450,Sonoma,Jenner,06097
95448,Sonoma,Healdsburg,06097
95446,Sonoma,Guerneville,06097
94952,Sonoma,Petaluma,06097
94953,Sonoma,Petaluma,06097
95442,Sonoma,Glen Ellen,06097
95441,Sonoma,Geyserville,06097
95439,Sonoma,Fulton,06097
94954,Sonoma,Petaluma,06097
94951,Sonoma,Penngrove,06097
95480,Sonoma,Stewarts Point,06097
95316,Stanislaus,Denair,06099
95357,Stanislaus,Modesto,06099
95352,Stanislaus,Modesto,06099
95351,Stanislaus,Modesto,06099
95350,Stanislaus,Modesto,06099
95355,Stanislaus,Modesto,06099
95356,Stanislaus,Modesto,06099
95329,Stanislaus,La Grange,06099
95328,Stanislaus,Keyes,06099
95358,Stanislaus,Modesto,06099
95326,Stanislaus,Hughson,06099
95323,Stanislaus,Hickman,06099
95354,Stanislaus,Modesto,06099
95313,Stanislaus,Crows Landing,06099
95307,Stanislaus,Ceres,06099
95360,Stanislaus,Newman,06099
95319,Stanislaus,Empire,06099
95363,Stanislaus,Patterson,06099
95397,Stanislaus,Modesto,06099
95387,Stanislaus,Westley,06099
95361,Stanislaus,Oakdale,06099
95386,Stanislaus,Waterford,06099
95382,Stanislaus,Turlock,06099
95353,Stanislaus,Modesto,06099
95380,Stanislaus,Turlock,06099
95368,Stanislaus,Salida,06099
95367,Stanislaus,Riverbank,06099
95381,Stanislaus,Turlock,06099
95659,Sutter,Nicolaus,06101
95676,Sutter,Robbins,06101
95982,Sutter,Sutter,06101
95991,Sutter,Yuba City,06101
95992,Sutter,Yuba City,06101
95668,Sutter,Pleasant Grove,06101
95953,Sutter,Live Oak,06101
95993,Sutter,Yuba City,06101
95957,Sutter,Meridian,06101
95674,Sutter,Rio Oso,06101
96021,Tehama,Corning,06103
96035,Tehama,Gerber,06103
96055,Tehama,Los Molinos,06103
96059,Tehama,Manton,06103
96061,Tehama,Mill Creek,06103
96063,Tehama,Mineral,06103
96074,Tehama,Paskenta,06103
96029,Tehama,Flournoy,06103
96078,Tehama,Proberta,06103
96080,Tehama,Red Bluff,06103
96090,Tehama,Tehama,06103
96075,Tehama,Paynes Creek,06103
96092,Tehama,Vina,06103
96091,Trinity,Trinity Center,06105
95527,Trinity,Burnt Ranch,06105
95552,Trinity,Mad River,06105
95563,Trinity,Salyer,06105
95595,Trinity,Zenia,06105
96010,Trinity,Big Bar,06105
96052,Trinity,Lewiston,06105
96041,Trinity,Hayfork,06105
96024,Trinity,Douglas City,06105
96046,Trinity,Hyampom,06105
96048,Trinity,Junction City,06105
96093,Trinity,Weaverville,06105
93237,Tulare,Kaweah,06107
93258,Tulare,Porterville,06107
93260,Tulare,Posey,06107
93261,Tulare,Richgrove,06107
93262,Tulare,Sequoia National Park,06107
93290,Tulare,Visalia,06107
93291,Tulare,Visalia,06107
93292,Tulare,Visalia,06107
93265,Tulare,Springville,06107
93279,Tulare,Visalia,06107
93278,Tulare,Visalia,06107
93275,Tulare,Tulare,06107
93267,Tulare,Strathmore,06107
93274,Tulare,Tulare,06107
93270,Tulare,Terra Bella,06107
93271,Tulare,Three Rivers,06107
93247,Tulare,Lindsay,06107
93257,Tulare,Porterville,06107
93244,Tulare,Lemon Cove,06107
93272,Tulare,Tipton,06107
93277,Tulare,Visalia,06107
93256,Tulare,Pixley,06107
93282,Tulare,Waukena,06107
93235,Tulare,Ivanhoe,06107
93618,Tulare,Dinuba,06107
93633,Tulare,Kings Canyon National Pk,06107
93647,Tulare,Orosi,06107
93666,Tulare,Sultana,06107
93670,Tulare,Yettem,06107
93673,Tulare,Traver,06107
93286,Tulare,Woodlake,06107
93615,Tulare,Cutler,06107
93201,Tulare,Alpaugh,06107
93603,Tulare,Badger,06107
93208,Tulare,Camp Nelson,06107
93227,Tulare,Goshen,06107
93218,Tulare,Ducor,06107
93223,Tulare,Farmersville,06107
93221,Tulare,Exeter,06107
93207,Tulare,California Hot Springs,06107
93219,Tulare,Earlimart,06107
95383,Tuolumne,Twain Harte,06109
95379,Tuolumne,Tuolumne,06109
95375,Tuolumne,Strawberry,06109
95309,Tuolumne,Chinese Camp,06109
95310,Tuolumne,Columbia,06109
95314,Tuolumne,Dardanelle,06109
95327,Tuolumne,Jamestown,06109
95335,Tuolumne,Long Barn,06109
95346,Tuolumne,Mi Wuk Village,06109
95364,Tuolumne,Pinecrest,06109
95370,Tuolumne,Sonora,06109
95372,Tuolumne,Soulsbyville,06109
95373,Tuolumne,Standard,06109
95321,Tuolumne,Groveland,06109
95347,Tuolumne,Moccasin,06109
95305,Tuolumne,Big Oak Flat,06109
93040,Ventura,Piru,06111
93010,Ventura,Camarillo,06111
93009,Ventura,Ventura,06111
93007,Ventura,Ventura,06111
93006,Ventura,Ventura,06111
93060,Ventura,Santa Paula,06111
93005,Ventura,Ventura,06111
93004,Ventura,Ventura,06111
93003,Ventura,Ventura,06111
93002,Ventura,Ventura,06111
93001,Ventura,Ventura,06111
93061,Ventura,Santa Paula,06111
93041,Ventura,Port Hueneme,06111
93062,Ventura,Simi Valley,06111
91319,Ventura,Newbury Park,06111
93063,Ventura,Simi Valley,06111
93064,Ventura,Brandeis,06111
93065,Ventura,Simi Valley,06111
93066,Ventura,Somis,06111
93093,Ventura,Simi Valley,06111
93094,Ventura,Simi Valley,06111
93099,Ventura,Simi Valley,06111
93011,Ventura,Camarillo,06111
93012,Ventura,Camarillo,06111
91320,Ventura,Newbury Park,06111
93015,Ventura,Fillmore,06111
93036,Ventura,Oxnard,06111
93035,Ventura,Oxnard,06111
93034,Ventura,Oxnard,06111
93042,Ventura,Point Mugu Nawc,06111
93033,Ventura,Oxnard,06111
91362,Ventura,Thousand Oaks,06111
91361,Ventura,Westlake Village,06111
91360,Ventura,Thousand Oaks,06111
91359,Ventura,Westlake Village,06111
91358,Ventura,Thousand Oaks,06111
93032,Ventura,Oxnard,06111
93031,Ventura,Oxnard,06111
93043,Ventura,Port Hueneme Cbc Base,06111
93024,Ventura,Ojai,06111
93016,Ventura,Fillmore,06111
93020,Ventura,Moorpark,06111
91377,Ventura,Oak Park,06111
93021,Ventura,Moorpark,06111
93022,Ventura,Oak View,06111
93044,Ventura,Port Hueneme,06111
93023,Ventura,Ojai,06111
93030,Ventura,Oxnard,06111
95606,Yolo,Brooks,06113
95607,Yolo,Capay,06113
95612,Yolo,Clarksburg,06113
95616,Yolo,Davis,06113
95653,Yolo,Madison,06113
95617,Yolo,Davis,06113
95618,Yolo,Davis,06113
95627,Yolo,Esparto,06113
95637,Yolo,Guinda,06113
95937,Yolo,Dunnigan,06113
95645,Yolo,Knights Landing,06113
95605,Yolo,West Sacramento,06113
95695,Yolo,Woodland,06113
95679,Yolo,Rumsey,06113
95776,Yolo,Woodland,06113
95691,Yolo,West Sacramento,06113
95798,Yolo,West Sacramento,06113
95799,Yolo,West Sacramento,06113
95694,Yolo,Winters,06113
95698,Yolo,Zamora,06113
95697,Yolo,Yolo,06113
95901,Yuba,Marysville,06115
95903,Yuba,Beale Afb,06115
95972,Yuba,Rackerby,06115
95919,Yuba,Brownsville,06115
95962,Yuba,Oregon House,06115
95961,Yuba,Olivehurst,06115
95692,Yuba,Wheatland,06115
95935,Yuba,Dobbins,06115
95925,Yuba,Challenge,06115
95922,Yuba,Camptonville,06115
95981,Yuba,Strawberry Valley,06115
95918,Yuba,Browns Valley,06115
